lon,lat,age,plate_id,recon_lon,recon_lat,distance,sub_idx,trench_lon,trench_lat,conv_rate,conv_angle,trench_abs_rate,trench_abs_angle,arc_len,trench_norm,subducting_pid,trench_pid,dist_nearest_edge,dist_from_start,conv_ortho,conv_paral,trench_abs_ortho,trench_abs_paral,subducting_abs_rate,subducting_abs_angle,subducting_abs_ortho,subducting_abs_paral,seafloor_age,subduction_volume_km3y,carbonate_sediment_thickness,total_sediment_thick,ocean_crust_carb_percent
-158.4,56.52,145.0,16112.0,-85.219,62.306999999999995,0.09699999999999999,377.0,-73.23,62.99,2.42,-65.6,-2.12,-56.47,0.19,89.08,902.0,16111.0,6.52,23.12,1.0,-2.21,1.17,-1.77,-4.53,-61.4,2.17,-3.98,93.42,0.02,27.89,154.22,2.7
-127.85,50.68,188.0,16110.0,-70.297,43.824,0.03,373.0,-68.0,44.39,8.78,41.17,9.14,174.78,0.19,254.79,101.0,16111.0,11.92,12.19,6.61,5.78,-9.1,0.83,7.05,110.71,-2.49,6.6,88.77,0.13,8.66,144.28,2.75
-157.24,57.05,9.0,16112.0,-157.144,58.458,0.034,256.0,-154.64,57.07,5.34,14.86,1.81,-127.87,0.18,313.58,901.0,111.0,7.42,7.42,5.16,1.37,-1.11,-1.43,-4.06,-1.06,4.06,-0.08,36.39,0.06,55.17,100.81,1.99
-127.58,50.33,104.0,16110.0,-85.34200000000001,54.18899999999999,0.005,457.0,-85.75,54.02,8.76,0.82,4.93,-114.01,0.19,62.64,902.0,101.0,15.09,43.12,8.76,0.13,-2.01,-4.5,-8.03,-33.0,6.73,-4.37,69.22,0.16,31.7,139.18,2.2
-158.41,56.15,211.0,16112.0,-113.029,43.586000000000006,0.19399999999999998,218.0,-98.0,47.08,3.87,23.0,9.02,-173.77,0.18,223.0,131.0,16111.0,0.09,0.09,3.56,1.51,-8.96,-0.98,5.43,174.51,-5.4,0.52,108.11,0.07,2.92,153.33,0.78
-160.68,55.63,123.0,16112.0,-101.355,63.809,0.154,247.0,-89.54,71.47,17.66,35.27,4.57,-107.08,0.19,38.11,902.0,103.0,6.9,9.12,14.42,10.2,-1.34,-4.37,-14.3,24.02,13.07,5.82,55.49,0.23,88.87,126.66,2.35
-127.5,50.38,14.0,16110.0,-125.15,52.824,0.016,308.0,-126.39,52.29,4.45,-7.79,2.36,172.24,0.17,45.86,903.0,101.0,1.32,15.82,4.41,-0.6,-2.34,0.32,-2.08,-8.01,2.06,-0.29,7.89,0.02,11.28,54.46,1.43
-158.41,56.15,43.0,16112.0,-152.033,61.292,0.027999999999999997,102.0,-150.04,60.05,10.35,-1.15,-1.47,-61.73,0.15,322.74,918.0,111.0,9.86,9.86,10.35,-0.21,0.7,-1.29,-11.15,-7.83,11.05,-1.52,29.1,0.09,16.76,89.05,1.96
-159.42,55.89,220.0,16112.0,-119.905,38.051,0.204,192.0,-105.55,42.13,1.96,27.35,9.05,-173.48,0.18,219.3,131.0,16111.0,0.09,0.09,1.74,0.9,-8.99,-1.03,7.25,-178.8,-7.25,-0.15,121.49,0.04,0.82,156.86,1.64
-159.42,55.89,135.0,16112.0,-90.678,63.832,0.179,413.0,-68.47,61.83,7.8,-46.63,3.78,174.05,0.15,109.72,902.0,101.0,0.07,53.87,5.35,-5.67,-3.76,0.39,-5.51,-73.13,1.6,-5.27,103.96,0.08,22.96,158.65,2.74
-160.68,55.64,135.0,16112.0,-92.314,64.054,0.18600000000000003,233.0,-72.66,71.89,10.11,13.79,6.08,-141.12,0.19,44.94,902.0,103.0,2.52,8.89,9.81,2.41,-4.73,-3.82,-5.26,-15.03,5.08,-1.37,52.46,0.16,29.6,163.11,2.62
-160.63,55.25,141.0,16112.0,-88.984,63.713,0.127,254.0,-72.3,64.68,1.16,21.93,-4.61,-77.08,0.19,90.1,902.0,16111.0,2.24,20.67,1.08,0.43,1.03,-4.5,-4.57,-62.68,2.1,-4.06,104.41,0.02,34.64,154.47,2.71
-122.08,46.36,2.0,173.0,-121.75200000000001,46.713,0.044000000000000004,322.0,-125.34,46.1,4.4,-16.81,2.3,134.55,0.18,76.53,903.0,101.0,5.97,7.77,4.21,-1.27,-1.61,1.64,-2.62,7.95,2.6,0.36,9.32,0.03,40.14,56.8,1.34
-121.64,47.68,119.0,173.0,-71.455,47.169,0.05,473.0,-75.44,48.15,15.93,-7.78,5.6,-168.94,0.19,110.04,902.0,101.0,18.15,40.06,15.79,-2.16,-5.5,-1.07,-10.79,-17.64,10.28,-3.27,90.86,0.31,28.28,155.21,2.71
-120.98,48.2,116.0,173.0,-72.425,48.269,0.057,481.0,-77.09,49.46,15.88,-7.89,5.5,-169.08,0.19,109.83,902.0,101.0,17.58,40.63,15.73,-2.18,-5.4,-1.04,-10.83,-17.52,10.33,-3.26,86.64,0.31,32.32,149.78,2.59
-121.37,47.5,177.0,173.0,-58.226000000000006,39.037,0.061,538.0,-62.26,40.6,10.32,-32.03,1.95,-160.81,0.2,114.8,902.0,101.0,0.88,22.76,8.75,-5.48,-1.84,-0.64,-9.23,-41.52,6.91,-6.12,72.68,0.17,6.73,124.99,2.54
-130.48,55.4,83.0,16124.0,-101.12200000000001,64.234,0.046,210.0,-106.36,62.99,6.77,13.04,4.74,-132.8,0.2,61.3,918.0,101.0,9.76,48.45,6.59,1.53,-3.22,-3.48,-3.92,-30.26,3.39,-1.98,62.01,0.12,27.35,133.65,2.55
-121.5,48.01,149.0,173.0,-63.093999999999994,40.955,0.043,673.0,-66.24,40.38,1.5,-82.08,-2.71,-66.23,0.18,63.91,101.0,16111.0,0.09,0.09,0.21,-1.49,1.09,-2.48,-4.18,-71.86,1.3,-3.97,100.14,0.0,15.56,156.97,2.73
-109.63,44.02,140.0,101.0,-55.303999999999995,36.722,0.20199999999999999,355.0,-67.07,44.16,1.91,-29.1,4.5,-118.13,0.2,131.64,902.0,101.0,0.78,34.12,1.67,-0.93,-2.12,-3.97,4.92,-95.33,-0.46,-4.9,88.83,0.03,13.25,139.5,2.61
-101.95,19.0,186.0,215.0,-55.58,6.167999999999999,0.111,572.0,-61.95,5.82,8.17,35.68,-6.83,-89.27,0.19,86.19,902.0,2000.0,9.87,14.74,6.63,4.76,0.09,-6.83,-7.06,-17.14,6.75,-2.08,72.34,0.12,4.71,142.67,2.75
-102.08,19.08,173.0,215.0,-56.464,10.655999999999999,0.109,517.0,-62.82,10.49,8.04,-9.23,1.2,-120.58,0.19,86.88,902.0,2000.0,9.55,17.55,7.94,-1.29,-0.61,-1.04,-7.69,-17.58,7.33,-2.32,78.86,0.15,9.06,146.1,2.68
-137.08,59.02,127.0,16122.0,-71.589,59.525,0.015,429.0,-73.29,59.5,15.64,-7.63,3.14,-157.21,0.16,87.56,902.0,101.0,3.05,52.04,15.5,-2.08,-2.9,-1.22,-13.02,-14.61,12.6,-3.28,65.21,0.23,29.67,151.81,2.68
-107.75,27.01,136.0,104.0,-62.461999999999996,20.949,0.062,491.0,-66.15,20.11,6.54,-14.72,2.28,-136.94,0.18,74.8,902.0,101.0,8.77,8.77,6.32,-1.66,-1.66,-1.56,-5.66,-34.48,4.67,-3.21,93.63,0.12,16.02,154.3,2.7
-125.3,49.76,96.0,16110.0,-88.193,55.266000000000005,0.015,473.0,-89.57,54.91,8.17,15.26,4.9,-116.67,0.19,60.18,902.0,101.0,16.44,41.77,7.88,2.15,-2.2,-4.38,-6.08,-21.5,5.65,-2.23,68.6,0.14,41.77,139.55,2.17
-125.25,49.76,30.0,16110.0,-118.573,54.108000000000004,0.024,190.0,-120.63,53.47,9.18,-15.26,2.13,169.82,0.17,74.37,903.0,101.0,0.09,16.73,8.85,-2.42,-2.1,0.38,-7.05,-16.61,6.76,-2.02,19.56,0.08,50.45,73.37,1.97
-115.5,32.42,95.0,101.0,-85.228,36.861999999999995,0.017,513.0,-86.07,36.18,10.09,35.15,4.99,-99.01,0.17,43.83,902.0,101.0,20.25,20.25,8.25,5.81,-0.78,-4.93,-7.51,6.78,7.45,0.89,85.75,0.14,33.91,150.7,2.5
-125.98,49.26,107.0,16110.0,-82.46700000000001,52.321999999999996,0.004,488.0,-82.82,52.33,10.68,-6.93,4.75,-139.31,0.19,64.12,902.0,101.0,16.44,41.77,10.6,-1.29,-3.6,-3.09,-8.24,-32.18,6.97,-4.39,70.43,0.19,34.86,141.0,2.42
-126.81,50.03,164.0,16110.0,-63.783,43.617,0.035,466.0,-66.26,42.73,10.56,-2.74,3.04,151.62,0.19,63.87,902.0,16111.0,4.57,4.57,10.55,-0.51,-2.67,1.44,-7.94,6.53,7.88,0.9,95.88,0.21,11.94,155.08,2.84
-100.99,26.71,122.0,101.0,-59.505,21.174,0.138,591.0,-67.1,17.74,15.91,45.31,4.43,-111.43,0.19,61.93,902.0,101.0,6.82,6.82,11.19,11.31,-1.62,-4.13,-11.99,36.85,9.59,7.19,85.64,0.22,21.34,152.98,2.69
-109.29,43.87,156.0,101.0,-54.562,31.930999999999997,0.201,689.0,-65.21,39.62,1.5,-82.08,-2.99,-76.0,0.2,62.84,101.0,16111.0,0.1,0.1,0.21,-1.49,0.72,-2.9,-4.48,-78.1,0.92,-4.39,98.04,0.0,11.83,156.15,2.82
-109.67,44.03,198.0,101.0,-50.086000000000006,22.590999999999998,0.20800000000000002,738.0,-61.92,27.97,3.73,-8.13,5.52,-138.49,0.2,114.53,131.0,101.0,4.24,20.01,3.69,-0.53,-4.13,-3.66,4.18,-96.3,-0.46,-4.15,41.71,0.05,0.03,109.58,2.45
-112.36,47.03,42.0,154.0,-100.738,51.294,0.16,289.0,-115.5,52.26,5.25,-67.69,1.84,175.31,0.19,90.57,903.0,101.0,17.38,40.82,1.99,-4.86,-1.84,0.15,-4.7,-88.15,0.15,-4.69,21.7,0.02,47.65,77.0,1.9
-110.07,29.9,163.0,101.0,-58.73,18.003,0.066,682.0,-62.52,16.94,11.45,3.26,4.49,-170.03,0.2,72.15,902.0,101.0,1.34,1.34,11.44,0.65,-4.42,-0.78,-7.02,-1.37,7.01,-0.17,83.64,0.23,10.24,149.52,2.66
-107.4,26.23,45.0,104.0,-96.75,30.279,0.059000000000000004,448.0,-100.02,28.49,13.28,4.58,2.53,-149.11,0.18,57.49,902.0,101.0,11.83,11.83,13.24,1.06,-2.17,-1.3,-11.08,-1.3,11.08,-0.25,23.06,0.13,37.53,79.87,2.32
-126.9,54.81,148.0,16101.0,-62.153999999999996,48.876999999999995,0.081,515.0,-69.21,49.31,1.83,-23.85,2.73,-95.69,0.2,92.51,902.0,16111.0,9.25,9.25,1.67,-0.74,-0.27,-2.71,-3.72,-67.99,1.4,-3.45,97.0,0.04,17.56,155.6,2.71
-131.55,57.06,42.0,16101.0,-121.006,62.111000000000004,0.048,190.0,-126.45,61.24,9.31,-86.99,1.48,-163.22,0.17,66.68,918.0,101.0,6.11,52.08,0.49,-9.29,-1.42,-0.43,9.78,-95.55,-0.95,-9.73,7.09,0.0,32.08,53.04,1.64
-127.27,54.23,149.0,16101.0,-62.873999999999995,48.145,0.07400000000000001,507.0,-69.23,48.47,1.84,-23.04,2.73,-95.64,0.2,92.47,902.0,16111.0,8.66,8.66,1.7,-0.72,-0.27,-2.71,-3.72,-67.49,1.42,-3.43,96.33,0.04,17.12,155.32,2.71
-127.69,53.75,174.0,16101.0,-59.894,46.783,0.066,382.0,-65.36,46.31,10.35,-2.44,1.94,-130.74,0.19,83.03,902.0,16111.0,5.11,5.11,10.34,-0.44,-1.27,-1.47,-9.27,-11.91,9.07,-1.91,80.33,0.2,9.72,130.09,2.53
-127.02,53.86,160.0,16101.0,-61.597,44.672,0.078,512.0,-67.86,44.49,9.89,-18.67,1.99,150.79,0.19,85.63,902.0,16111.0,6.78,6.78,9.37,-3.17,-1.74,0.97,-7.94,-16.33,7.62,-2.23,95.38,0.19,13.03,154.72,2.83
-127.18,53.85,102.0,16101.0,-83.803,57.92100000000001,0.055,400.0,-89.3,56.9,8.41,-6.9,4.9,-122.05,0.19,67.76,902.0,101.0,12.35,45.86,8.35,-1.01,-2.6,-4.16,-7.7,-42.04,5.72,-5.16,64.19,0.14,44.15,135.69,2.11
-129.42,55.42,22.0,16101.0,-125.235,59.076,0.113,266.0,-122.85,52.72,6.01,-30.65,2.1,166.27,0.17,73.51,903.0,101.0,0.09,15.82,5.17,-3.07,-2.04,0.5,-4.04,-39.08,3.13,-2.55,13.09,0.04,49.24,62.77,1.7
-125.41,49.68,84.0,16110.0,-96.616,57.815,0.013000000000000001,309.0,-97.86,57.45,13.76,2.11,4.84,-120.09,0.19,54.49,902.0,101.0,16.44,54.0,13.75,0.51,-2.43,-4.19,-11.89,-18.06,11.31,-3.69,69.94,0.25,28.02,140.63,2.58
-125.96,49.25,22.0,16110.0,-121.62100000000001,52.875,0.013000000000000001,266.0,-122.85,52.72,6.01,-30.65,2.1,166.27,0.17,73.51,903.0,101.0,0.09,15.82,5.17,-3.07,-2.04,0.5,-4.04,-39.08,3.13,-2.55,13.09,0.04,49.24,62.77,1.7
-125.99,49.27,211.0,16110.0,-90.54799999999999,32.823,0.032,372.0,-88.93,34.05,4.46,18.5,9.23,-177.12,0.19,232.52,131.0,16111.0,14.88,14.88,4.23,1.42,-9.21,-0.46,5.07,169.33,-4.98,0.94,117.66,0.09,5.18,153.05,0.76
-107.24,25.01,20.0,104.0,-103.262,28.096,0.018000000000000002,421.0,-104.17,27.47,7.69,24.43,3.04,-168.12,0.16,55.08,902.0,105.0,2.64,2.64,7.0,3.18,-2.98,-0.63,-4.77,32.58,4.02,2.57,2.6,0.02,22.4,46.36,1.22
-126.31,55.41,19.0,16101.0,-122.63,58.676,0.111,291.0,-123.61,52.35,4.45,-34.24,2.41,147.02,0.17,73.26,903.0,101.0,0.09,15.57,3.68,-2.5,-2.02,1.31,-2.04,-35.92,1.65,-1.2,11.06,0.02,15.76,59.58,1.53
-109.6,32.93,135.0,101.0,-61.946000000000005,27.162,0.085,457.0,-67.34,26.31,6.96,-4.76,2.57,-133.1,0.19,65.37,902.0,101.0,15.36,15.36,6.93,-0.58,-1.76,-1.88,-5.73,-25.22,5.18,-2.44,95.94,0.14,15.79,155.27,2.71
-127.44,53.8,152.0,16101.0,-62.793,47.222,0.07200000000000001,499.0,-68.83,47.25,10.65,-16.46,1.57,-178.49,0.19,88.18,902.0,16111.0,7.68,7.68,10.21,-3.02,-1.57,-0.04,-9.17,-19.59,8.63,-3.07,95.44,0.2,16.97,154.9,2.71
-111.32,43.09,219.0,178.0,-50.492,13.237,0.187,998.0,-61.33,11.38,3.7,44.47,-3.54,-82.46,0.2,78.04,131.0,101.0,9.27,9.27,2.64,2.59,0.46,-3.51,-3.25,-16.09,3.12,-0.9,35.56,0.04,0.0,97.68,2.52
-109.15,28.37,174.0,104.0,-56.501999999999995,19.587,0.065,639.0,-60.44,19.39,8.83,-23.66,1.3,-141.21,0.0,104.46,902.0,2000.0,0.0,27.04,8.09,-3.54,-1.01,-0.81,-8.31,-31.6,7.08,-4.36,82.68,0.0,6.51,148.89,2.79
-126.32,55.19,114.0,16101.0,-74.005,56.508,0.076,396.0,-81.42,55.17,15.58,29.39,5.2,-129.13,0.19,70.41,902.0,101.0,11.79,46.42,13.57,7.65,-3.28,-4.03,-10.91,19.15,10.31,3.58,70.54,0.24,44.43,141.09,2.32
-109.5,30.3,136.0,101.0,-62.713,24.572,0.067,460.0,-66.92,24.1,6.81,-23.2,2.46,-149.4,0.2,83.8,902.0,101.0,12.84,12.84,6.26,-2.68,-2.11,-1.25,-5.71,-43.37,4.15,-3.92,96.03,0.13,15.87,155.28,2.71
-126.16,54.94,217.0,16101.0,-52.852,29.122,0.047,1408.0,-55.94,29.16,6.15,24.82,4.15,-112.01,0.2,92.37,131.0,101.0,4.74,4.74,5.58,2.58,-1.55,-3.85,-4.23,-17.29,4.04,-1.26,36.79,0.08,0.0,101.36,2.53
-110.07,29.9,67.0,101.0,-92.859,37.162,0.057,418.0,-96.64,36.01,12.64,-5.49,4.31,-167.98,0.2,67.65,902.0,101.0,16.24,16.24,12.58,-1.21,-4.22,-0.9,-8.62,-14.17,8.36,-2.11,55.58,0.21,13.38,126.82,2.27
-107.35,25.67,212.0,104.0,-54.871,0.051,0.084,1074.0,-59.68,0.33,5.72,11.87,-3.68,-82.59,0.2,90.89,902.0,101.0,4.28,10.79,5.6,1.18,0.47,-3.65,-6.58,-21.89,6.1,-2.45,60.64,0.1,0.05,123.66,2.52
-126.0,54.85,147.0,16101.0,-61.5,48.99,0.08900000000000001,519.0,-69.23,49.56,1.83,-24.4,2.73,-95.82,0.2,92.53,902.0,16111.0,9.25,9.25,1.66,-0.75,-0.28,-2.71,-3.74,-68.27,1.38,-3.47,87.79,0.03,18.11,144.22,2.62
-126.2,55.27,24.0,16101.0,-121.096,59.083999999999996,0.10800000000000001,265.0,-122.3,52.91,5.84,-31.5,2.11,166.47,0.17,73.71,903.0,101.0,0.09,16.71,4.98,-3.05,-2.05,0.49,-3.87,-40.89,2.93,-2.54,9.02,0.03,8.25,56.59,1.78
-109.73,30.38,20.0,101.0,-105.639,33.53,0.052000000000000005,376.0,-108.77,32.08,7.32,18.66,3.15,-176.16,0.13,60.22,902.0,105.0,0.95,8.87,6.93,2.34,-3.15,-0.21,-4.35,29.57,3.78,2.15,0.86,0.01,33.21,43.66,1.16
-126.24,55.29,128.0,16101.0,-65.693,53.137,0.078,411.0,-72.91,52.22,15.54,5.55,3.04,-142.82,0.17,74.35,902.0,101.0,10.36,44.72,15.47,1.5,-2.42,-1.84,-13.05,-1.44,13.05,-0.33,78.37,0.26,19.91,143.96,2.52
-107.72,26.99,219.0,104.0,-55.026,-1.107,0.087,1133.0,-60.0,-0.78,2.52,57.54,-3.68,-83.66,0.19,93.49,131.0,101.0,3.11,11.81,1.35,2.12,0.41,-3.66,-2.34,-40.64,1.78,-1.52,76.57,0.03,0.25,145.14,1.0
-107.75,27.0,145.0,104.0,-62.051,18.701,0.066,681.0,-65.86,17.68,3.1,-0.89,-3.05,-73.3,0.2,75.79,902.0,101.0,2.58,6.78,3.1,-0.05,0.88,-2.92,-4.96,-36.81,3.97,-2.97,87.66,0.06,19.89,151.6,2.68
-126.9,54.81,93.0,16101.0,-88.985,61.097,0.068,356.0,-96.11,59.5,11.78,-0.61,4.85,-124.51,0.19,62.86,902.0,101.0,11.79,46.42,11.78,-0.13,-2.75,-4.0,-9.9,-24.56,9.0,-4.12,60.78,0.2,29.96,132.4,2.54
-107.68,27.57,215.0,104.0,-54.55,0.841,0.091,1128.0,-59.68,1.66,2.63,47.7,3.67,-91.74,0.19,98.67,131.0,101.0,1.97,13.04,1.77,1.94,-0.11,-3.67,-2.4,-45.75,1.68,-1.72,83.51,0.03,1.08,149.51,0.76
-126.23,55.0,13.0,16101.0,-123.985,57.273,0.085,302.0,-128.01,53.0,4.46,-9.86,2.33,169.75,0.18,46.94,903.0,101.0,0.09,17.05,4.4,-0.76,-2.29,0.41,-2.14,-9.63,2.11,-0.36,3.25,0.02,27.81,47.52,1.21
-126.88,56.11,107.0,16101.0,-78.52,58.825,0.08199999999999999,351.0,-87.35,57.97,9.52,-22.22,4.37,-149.47,0.2,74.46,902.0,101.0,10.15,48.06,8.81,-3.6,-3.76,-2.22,-7.68,-49.23,5.02,-5.82,61.19,0.15,39.51,133.67,2.08
-109.72,30.38,83.0,101.0,-85.374,36.785,0.065,383.0,-89.76,35.62,14.72,-7.47,4.99,-133.02,0.2,71.53,902.0,101.0,16.44,16.44,14.59,-1.91,-3.41,-3.65,-12.49,-26.44,11.19,-5.56,66.88,0.27,16.96,138.35,2.57
-110.03,32.09,113.0,101.0,-70.926,31.103,0.073,517.0,-75.69,30.35,15.91,19.47,6.35,-148.09,0.19,84.11,902.0,101.0,18.18,18.18,15.0,5.3,-5.39,-3.36,-9.81,11.21,9.62,1.91,90.86,0.29,23.07,153.1,2.63
-109.63,30.34,131.0,101.0,-63.96,25.19,0.066,494.0,-68.1,24.72,10.51,-27.86,2.54,-152.01,0.2,81.95,902.0,101.0,14.37,14.37,9.29,-4.91,-2.24,-1.19,-9.34,-40.77,7.07,-6.1,96.08,0.19,17.44,155.33,2.71
-109.63,30.34,116.0,101.0,-69.393,28.553,0.066,531.0,-73.61,27.86,15.77,25.8,6.43,-142.02,0.2,78.51,902.0,101.0,16.44,16.44,14.2,6.86,-5.07,-3.96,-9.59,17.41,9.15,2.87,90.24,0.29,22.13,152.82,2.67
-110.32,30.95,32.0,101.0,-103.199,34.955,0.061,408.0,-107.3,34.0,12.25,-5.2,2.45,-177.07,0.19,70.1,902.0,101.0,20.66,20.66,12.2,-1.11,-2.45,-0.13,-9.82,-7.16,9.75,-1.22,1.58,0.03,11.49,44.83,1.16
-110.66,29.93,189.0,101.0,-56.376000000000005,13.975,0.06,665.0,-59.82,13.26,8.55,18.61,6.72,-102.82,0.07,102.76,902.0,2000.0,0.04,24.05,8.1,2.73,-1.49,-6.55,-7.66,-30.11,6.63,-3.84,62.78,0.05,2.86,135.92,2.67
-119.34,49.39,182.0,154.0,-55.507,38.643,0.08199999999999999,595.0,-60.9,40.81,8.83,4.69,6.89,-105.96,0.2,115.25,902.0,101.0,1.76,24.75,8.8,0.72,-1.89,-6.62,-9.08,-40.61,6.9,-5.91,114.13,0.19,4.24,118.05,2.51
-109.6,32.93,78.0,101.0,-86.788,39.59,0.085,369.0,-92.55,37.68,12.41,7.44,3.74,-135.77,0.19,51.85,902.0,101.0,18.37,18.37,12.31,1.61,-2.68,-2.61,-9.69,-6.02,9.63,-1.02,64.96,0.21,14.81,136.46,2.53
-111.12,31.87,44.0,101.0,-100.435,36.119,0.057,371.0,-103.96,34.61,9.32,-24.26,2.39,-162.98,0.19,70.86,903.0,101.0,18.87,18.87,8.5,-3.83,-2.29,-0.7,-7.67,-36.07,6.2,-4.52,14.01,0.07,5.11,65.63,1.8
-109.62,28.53,188.0,104.0,-56.321999999999996,14.367,0.06,664.0,-59.82,13.86,8.57,18.32,6.72,-102.81,0.07,103.0,902.0,2000.0,0.04,24.23,8.13,2.69,-1.49,-6.56,-7.71,-30.23,6.66,-3.88,64.84,0.06,5.47,137.43,2.69
-106.1,23.27,213.0,104.0,-54.778999999999996,-2.9589999999999996,0.083,1155.0,-59.39,-4.27,4.89,31.5,-3.76,-60.91,0.2,74.15,902.0,101.0,6.43,6.43,4.17,2.55,1.83,-3.29,-6.06,-6.69,6.02,-0.71,60.2,0.07,0.35,133.69,1.91
-109.5,30.3,214.0,101.0,-54.638000000000005,2.897,0.084,1181.0,-59.4,3.65,2.81,43.67,3.68,-93.67,0.19,98.31,131.0,101.0,0.28,14.75,2.04,1.94,-0.24,-3.67,-2.5,-43.4,1.82,-1.72,49.78,0.03,-0.0,111.07,2.59
-108.07,32.79,211.0,101.0,-52.471000000000004,5.817,0.12,1108.0,-59.32,5.02,2.85,62.86,-3.67,-74.14,0.19,77.13,131.0,101.0,0.1,0.1,1.3,2.54,1.0,-3.53,-2.52,-22.95,2.32,-0.98,53.48,0.02,0.0,113.17,2.61
-109.34,33.09,112.0,101.0,-70.513,32.145,0.09,525.0,-76.28,30.59,15.92,19.4,6.34,-148.22,0.19,84.02,902.0,101.0,18.18,18.18,15.02,5.29,-5.39,-3.34,-9.83,11.22,9.64,1.91,90.99,0.29,23.4,153.15,2.61
-108.07,32.81,120.0,101.0,-64.827,29.453000000000003,0.10400000000000001,521.0,-71.57,28.54,16.29,23.65,5.97,-131.4,0.19,84.74,902.0,101.0,18.18,18.18,14.92,6.53,-3.95,-4.48,-11.18,10.49,10.99,2.04,87.12,0.29,21.35,153.49,2.69
-108.37,32.63,147.0,101.0,-60.361000000000004,23.557,0.114,640.0,-67.3,22.24,2.93,29.69,-4.21,-85.78,0.2,75.1,902.0,101.0,2.77,2.77,2.54,1.45,0.31,-4.2,-3.96,-44.0,2.85,-2.75,88.87,0.05,20.32,152.17,2.68
-109.7,30.27,118.0,101.0,-68.332,27.975,0.064,530.0,-72.44,27.34,15.73,25.95,6.45,-141.73,0.2,78.68,902.0,101.0,16.44,16.44,14.14,6.88,-5.07,-4.0,-9.54,17.39,9.1,2.85,90.5,0.29,22.07,152.94,2.69
-141.32,63.52,186.0,16105.0,-61.199,54.39,0.069,343.0,-67.91,53.93,8.5,36.86,9.06,169.34,0.2,260.12,101.0,16111.0,6.72,6.72,6.8,5.1,-8.9,1.68,7.08,107.35,-2.11,6.76,70.25,0.13,10.93,140.67,2.67
-111.02,31.97,12.0,101.0,-108.786,33.959,0.165,392.0,-119.47,37.84,-4.38,-99.03,2.61,-177.84,0.17,43.94,901.0,101.0,0.09,0.09,-0.69,-4.32,-2.61,-0.1,5.52,-126.65,-3.3,-4.43,11.13,0.0,97.81,65.76,1.54
-110.07,29.9,185.0,101.0,-55.803999999999995,16.158,0.068,673.0,-59.81,15.68,8.63,17.47,6.74,-102.78,0.07,103.71,902.0,2000.0,0.04,24.75,8.23,2.59,-1.49,-6.57,-7.85,-30.6,6.76,-4.0,71.21,0.06,5.38,141.95,2.75
-107.35,25.67,135.0,104.0,-62.803999999999995,19.683,0.053,523.0,-65.7,18.34,6.42,-6.5,2.21,-126.97,0.18,66.13,902.0,101.0,7.2,7.2,6.37,-0.73,-1.33,-1.77,-5.63,-26.19,5.05,-2.48,92.34,0.12,16.47,153.74,2.69
-110.76,31.83,215.0,101.0,-55.028999999999996,4.376,0.077,1191.0,-59.4,3.7,2.85,62.86,-3.68,-73.99,0.19,78.61,131.0,101.0,0.1,0.1,1.3,2.54,1.01,-3.53,-2.53,-22.86,2.33,-0.98,74.2,0.02,0.43,146.03,0.79
-110.76,31.83,137.0,101.0,-62.955,26.281,0.061,442.0,-66.83,25.95,6.82,-29.46,2.48,-157.29,0.19,90.12,902.0,101.0,14.55,14.55,5.94,-3.36,-2.29,-0.96,-5.65,-49.58,3.67,-4.31,96.01,0.12,15.46,155.3,2.71
-122.6,51.13,104.0,16101.0,-79.857,53.772,0.053,487.0,-84.59,52.65,8.95,0.81,4.94,-114.24,0.19,63.58,902.0,101.0,16.63,41.58,8.95,0.13,-2.03,-4.5,-8.17,-32.36,6.9,-4.37,70.0,0.16,30.66,140.66,2.24
-109.66,28.39,151.0,104.0,-62.701,18.803,0.055,672.0,-65.96,18.28,10.82,-7.14,3.31,-153.46,0.15,88.51,902.0,101.0,0.08,10.03,10.74,-1.35,-2.96,-1.48,-8.28,-20.06,7.78,-2.84,84.56,0.16,22.56,150.05,2.67
-109.75,30.48,146.0,101.0,-62.428999999999995,22.316999999999997,0.076,650.0,-66.94,21.22,2.91,11.06,-3.5,-78.52,0.2,75.31,902.0,101.0,1.39,1.39,2.85,0.56,0.7,-3.43,-4.57,-39.03,3.55,-2.88,88.7,0.06,19.96,152.1,2.68
-118.62,49.01,67.0,16107.0,-99.169,56.907,0.084,343.0,-108.02,57.32,14.05,-68.18,3.92,158.99,0.19,92.82,918.0,101.0,16.82,41.39,5.22,-13.04,-3.66,1.41,-11.74,-82.44,1.55,-11.64,8.34,0.03,0.0,54.93,1.49
-109.8,28.41,145.0,104.0,-63.285,20.684,0.053,662.0,-66.46,20.11,3.06,-14.08,-3.07,-85.49,0.15,88.76,902.0,101.0,0.08,9.28,2.97,-0.75,0.24,-3.06,-4.98,-49.85,3.21,-3.8,89.2,0.05,21.01,152.34,2.68
-126.9,54.81,133.0,16101.0,-64.343,52.382,0.068,344.0,-70.54,51.68,13.72,-17.18,3.57,-155.56,0.19,77.46,902.0,101.0,10.53,43.88,13.1,-4.05,-3.25,-1.48,-11.31,-29.23,9.87,-5.52,106.84,0.27,17.41,158.83,2.73
-142.51,63.37,117.0,16105.0,-78.297,66.926,0.026000000000000002,297.0,-81.17,66.01,-14.6,91.95,-4.54,-60.66,0.2,7.85,902.0,182.0,0.1,0.1,-0.5,14.59,2.22,-3.96,-10.77,80.58,1.76,10.62,62.96,0.0,52.65,134.53,2.36
-110.48,32.75,98.0,101.0,-78.732,35.321,0.073,523.0,-83.47,33.83,10.22,22.61,4.99,-109.97,0.19,57.52,902.0,101.0,18.37,18.37,9.44,3.93,-1.7,-4.69,-7.76,-5.53,7.72,-0.75,86.22,0.18,33.12,150.95,2.4
-111.07,31.98,143.0,101.0,-62.75899999999999,25.160999999999998,0.075,595.0,-67.35,24.19,2.53,24.58,-4.4,-67.83,0.2,75.53,902.0,101.0,3.36,3.36,2.3,1.05,1.66,-4.08,-4.98,-37.46,3.95,-3.03,91.7,0.05,18.27,153.47,2.7
-109.03,27.0,24.0,104.0,-104.06700000000001,30.429000000000002,0.061,355.0,-107.47,32.42,-3.78,-112.08,2.85,-172.92,0.15,59.58,901.0,105.0,0.08,0.08,-1.42,-3.5,-2.83,-0.35,5.74,-137.68,-4.25,-3.87,0.07,0.0,48.37,42.56,1.0
-108.23,26.72,213.0,104.0,-55.245,0.9670000000000001,0.078,1103.0,-59.71,0.93,5.83,11.22,-3.67,-83.59,0.19,91.26,902.0,101.0,3.36,11.69,5.72,1.13,0.41,-3.65,-6.64,-22.08,6.15,-2.5,57.25,0.1,-0.0,119.55,2.51
-111.03,31.88,187.0,101.0,-56.083,17.114,0.07400000000000001,648.0,-60.26,15.68,8.62,51.13,-6.75,-68.99,0.19,69.78,902.0,101.0,1.25,1.25,5.41,6.71,2.42,-6.3,-7.87,2.96,7.85,0.41,66.36,0.1,5.08,138.04,2.69
-108.08,32.85,11.0,101.0,-105.99799999999999,34.650999999999996,0.19899999999999998,390.0,-119.68,37.68,-4.4,-98.93,2.61,-177.92,0.17,43.88,901.0,101.0,0.09,0.09,-0.68,-4.35,-2.6,-0.09,5.53,-126.47,-3.29,-4.45,14.13,0.0,91.86,63.94,1.56
-110.32,30.95,129.0,101.0,-64.72800000000001,26.182,0.061,518.0,-68.64,26.06,13.26,-5.16,2.45,-144.34,0.19,87.24,902.0,101.0,15.71,15.71,13.21,-1.19,-1.99,-1.43,-11.53,-13.09,11.23,-2.61,73.84,0.24,17.6,147.24,2.65
-110.45,31.12,12.0,101.0,-108.219,33.101,0.18,392.0,-119.47,37.84,-4.38,-99.03,2.61,-177.84,0.17,43.94,901.0,101.0,0.09,0.09,-0.69,-4.32,-2.61,-0.1,5.52,-126.65,-3.3,-4.43,11.13,0.0,97.81,65.76,1.54
-110.18,30.85,149.0,101.0,-62.513999999999996,21.75,0.07400000000000001,652.0,-66.88,20.54,3.0,29.87,-4.21,-85.93,0.2,75.19,902.0,101.0,1.78,1.78,2.6,1.49,0.3,-4.2,-3.97,-43.04,2.9,-2.71,86.88,0.05,21.82,151.23,2.68
-110.28,31.0,194.0,101.0,-55.309,12.374,0.07400000000000001,906.0,-59.4,10.92,8.81,38.24,-5.31,-82.79,0.19,70.65,902.0,101.0,0.1,0.1,6.92,5.46,0.67,-5.27,-7.61,1.6,7.61,0.21,49.5,0.11,0.84,124.61,2.54
-110.95,33.4,183.0,101.0,-55.376999999999995,20.898000000000003,0.091,632.0,-60.67,19.38,8.73,49.84,-6.79,-68.48,0.19,70.56,902.0,101.0,2.6,2.6,5.63,6.67,2.49,-6.31,-8.15,2.45,8.14,0.35,72.75,0.1,5.01,143.82,2.77
-111.22,33.04,163.0,101.0,-58.628,21.291,0.084,641.0,-63.55,19.93,11.37,3.28,4.22,-169.37,0.2,71.83,902.0,101.0,4.49,4.49,11.35,0.65,-4.14,-0.78,-7.21,-1.33,7.21,-0.17,84.32,0.23,10.1,149.88,2.67
-110.72,31.49,127.0,101.0,-65.303,27.073,0.059000000000000004,535.0,-69.09,26.86,13.36,-4.28,2.48,-145.13,0.19,86.67,902.0,101.0,16.32,16.32,13.32,-1.0,-2.04,-1.42,-11.55,-12.04,11.29,-2.41,84.42,0.26,22.39,152.11,2.69
-111.0,33.38,139.0,101.0,-62.04,27.619,0.07400000000000001,377.0,-66.44,26.01,6.18,-12.69,2.04,-146.92,0.19,66.89,902.0,101.0,14.31,14.31,6.03,-1.36,-1.71,-1.11,-4.98,-29.61,4.33,-2.46,95.16,0.12,15.13,154.95,2.7
-106.1,23.6,182.0,104.0,-54.552,12.270999999999999,0.122,618.0,-60.48,16.25,8.64,-4.77,6.78,-124.65,0.18,125.65,902.0,2000.0,1.46,23.91,8.61,-0.72,-3.86,-5.58,-7.91,-52.99,4.76,-6.32,77.72,0.15,5.36,145.88,2.77
-110.74,33.42,109.0,101.0,-73.51100000000001,33.431,0.077,527.0,-78.15,31.38,13.55,5.54,5.95,-136.83,0.19,59.71,902.0,101.0,18.37,18.37,13.48,1.31,-4.34,-4.07,-9.54,-16.85,9.13,-2.76,90.25,0.26,25.78,152.82,2.51
-109.02,27.17,176.0,104.0,-56.521,18.153,0.064,639.0,-60.23,19.21,9.34,-21.03,1.93,-149.05,0.07,104.62,902.0,2000.0,0.04,26.73,8.72,-3.35,-1.66,-0.99,-8.3,-31.62,7.07,-4.35,81.98,0.07,6.23,148.49,2.8
-110.97,33.16,189.0,101.0,-55.71,17.151,0.08800000000000001,636.0,-60.62,15.37,8.6,51.49,-6.75,-68.66,0.19,69.22,902.0,101.0,2.22,2.22,5.36,6.73,2.46,-6.29,-7.85,3.17,7.84,0.43,64.49,0.09,3.05,136.34,2.68
-109.46,30.41,92.0,101.0,-80.961,34.516,0.069,534.0,-85.63,33.72,14.16,-2.45,4.98,-129.97,0.2,74.11,902.0,101.0,16.64,16.64,14.15,-0.61,-3.2,-3.82,-11.8,-21.98,10.94,-4.42,80.91,0.28,21.18,148.09,2.17
-110.94,33.33,122.0,101.0,-66.479,30.029,0.07400000000000001,515.0,-70.8,28.11,17.49,41.08,4.59,-115.25,0.19,61.22,902.0,101.0,17.86,17.86,13.18,11.49,-1.96,-4.15,-13.42,33.14,11.24,7.34,78.19,0.25,20.82,153.64,2.69
-110.9,33.34,107.0,101.0,-74.906,33.637,0.075,527.0,-79.37,31.61,13.5,5.38,5.91,-137.09,0.19,59.52,902.0,101.0,18.37,18.37,13.44,1.27,-4.33,-4.02,-9.5,-16.91,9.09,-2.76,88.68,0.26,28.56,152.1,2.5
-121.42,50.92,189.0,16102.0,-57.335,36.435,0.11699999999999999,426.0,-65.43,34.97,8.87,43.37,8.98,177.34,0.19,253.73,101.0,16111.0,3.51,21.17,6.45,6.09,-8.97,0.42,6.96,111.15,-2.51,6.49,71.67,0.12,3.29,130.94,2.56
-110.9,33.34,12.0,101.0,-108.639,35.327,0.158,392.0,-119.47,37.84,-4.38,-99.03,2.61,-177.84,0.17,43.94,901.0,101.0,0.09,0.09,-0.69,-4.32,-2.61,-0.1,5.52,-126.65,-3.3,-4.43,11.13,0.0,97.81,65.76,1.54
-104.4,29.81,145.0,101.0,-58.053000000000004,20.243,0.136,676.0,-66.07,18.45,3.09,-0.89,-3.06,-72.99,0.2,75.72,902.0,101.0,1.79,7.57,3.09,-0.05,0.89,-2.92,-4.97,-36.76,3.98,-2.97,87.66,0.06,19.89,151.6,2.68
-110.76,31.83,206.0,101.0,-54.876999999999995,7.827000000000001,0.077,971.0,-59.23,6.9,8.36,53.3,-4.31,-73.46,0.19,75.16,131.0,101.0,0.1,0.1,5.0,6.71,1.23,-4.13,-6.73,22.67,6.21,2.59,48.21,0.08,0.29,117.84,2.62
-110.76,31.83,160.0,101.0,-59.838,19.801,0.077,755.0,-64.29,18.48,11.26,1.92,4.19,-169.74,0.2,73.01,902.0,101.0,2.96,2.96,11.25,0.38,-4.12,-0.75,-7.14,-3.3,7.13,-0.41,84.93,0.23,11.01,150.21,2.67
-110.42,31.06,23.0,101.0,-105.583,34.458,0.047,355.0,-108.18,32.83,-3.66,-122.63,3.14,170.92,0.0,75.18,901.0,105.0,0.38,0.38,-1.98,-3.09,-3.1,0.5,5.71,-152.83,-5.08,-2.61,0.09,0.0,22.16,42.55,0.22
-111.43,33.04,122.0,101.0,-67.033,29.881,0.065,515.0,-70.8,28.11,17.49,41.08,4.59,-115.25,0.19,61.22,902.0,101.0,17.86,17.86,13.18,11.49,-1.96,-4.15,-13.42,33.14,11.24,7.34,78.19,0.25,20.82,153.64,2.69
-111.42,33.12,31.0,101.0,-104.477,37.111,0.066,406.0,-107.83,34.45,12.2,19.02,2.45,-153.15,0.19,45.84,902.0,101.0,21.45,21.45,11.54,3.98,-2.18,-1.1,-9.78,17.12,9.35,2.88,1.49,0.03,30.2,44.81,1.19
-111.8,32.96,175.0,101.0,-56.74100000000001,23.118000000000002,0.076,606.0,-61.25,21.83,9.54,12.04,1.94,-116.13,0.19,70.89,902.0,101.0,2.6,2.6,9.33,1.99,-0.85,-1.74,-8.49,1.69,8.49,0.25,83.7,0.18,6.42,149.46,2.8
-112.85,32.36,41.0,101.0,-102.99700000000001,36.681,0.042,364.0,-105.17,35.02,9.0,1.29,2.37,-138.79,0.19,46.54,903.0,101.0,19.83,19.83,9.0,0.2,-1.78,-1.56,-7.32,-10.65,7.2,-1.35,9.98,0.06,22.42,57.95,1.75
-124.49,51.22,204.0,16101.0,-56.126999999999995,30.491999999999997,0.033,1058.0,-58.31,30.89,8.43,27.33,4.69,-121.16,0.19,100.31,131.0,101.0,1.61,1.61,7.49,3.87,-2.42,-4.01,-5.05,-1.28,5.05,-0.11,65.17,0.13,0.12,119.42,2.57
-110.43,31.04,104.0,101.0,-76.812,31.863000000000003,0.06,530.0,-80.83,31.39,10.8,-13.27,4.97,-131.75,0.19,83.16,902.0,101.0,17.62,17.62,10.52,-2.48,-3.31,-3.71,-9.48,-40.66,7.19,-6.18,85.97,0.2,32.08,150.79,2.44
-108.08,32.85,123.0,101.0,-63.665,28.563000000000002,0.10400000000000001,526.0,-70.37,27.69,16.96,3.93,4.58,-138.95,0.19,85.53,902.0,101.0,17.32,17.32,16.92,1.16,-3.46,-3.01,-13.6,-7.82,13.48,-1.85,92.37,0.33,20.21,153.76,2.7
-110.45,31.12,136.0,101.0,-63.211999999999996,25.638,0.061,448.0,-67.06,25.66,6.9,-28.86,2.53,-156.31,0.19,89.76,902.0,101.0,14.41,14.41,6.04,-3.33,-2.32,-1.02,-5.73,-49.24,3.74,-4.34,95.56,0.12,15.67,155.45,2.71
-110.73,33.07,149.0,101.0,-62.063,23.98,0.09,633.0,-67.48,22.64,2.97,30.17,-4.21,-85.73,0.2,74.97,902.0,101.0,3.95,3.95,2.57,1.49,0.31,-4.2,-3.95,-43.22,2.88,-2.71,87.86,0.05,21.64,151.71,2.68
-110.88,33.41,109.0,101.0,-73.648,33.455,0.076,527.0,-78.15,31.38,13.55,5.54,5.95,-136.83,0.19,59.71,902.0,101.0,18.37,18.37,13.48,1.31,-4.34,-4.07,-9.54,-16.85,9.13,-2.76,90.25,0.26,25.78,152.82,2.51
-111.05,33.29,26.0,101.0,-105.376,36.923,0.075,331.0,-107.36,32.94,10.67,26.33,2.45,-145.23,0.16,35.37,902.0,101.0,0.4,0.4,9.56,4.73,-2.01,-1.39,-8.26,23.9,7.55,3.35,0.13,0.01,28.64,42.63,0.72
-100.98,21.82,112.0,104.0,-66.04,19.278,0.086,651.0,-69.48,15.61,15.01,66.17,6.67,-107.46,0.19,42.66,902.0,101.0,1.53,1.53,6.06,13.73,-2.0,-6.36,-8.42,60.83,4.1,7.35,86.55,0.12,25.43,149.67,2.49
-112.58,34.51,214.0,101.0,-55.273,7.803999999999999,0.083,1052.0,-59.97,6.84,3.09,55.38,-3.62,-77.2,0.19,78.18,131.0,101.0,2.97,2.97,1.75,2.54,0.8,-3.53,-2.75,-20.92,2.57,-0.98,46.37,0.03,0.0,104.51,2.54
-111.22,33.04,138.0,101.0,-62.597,27.436999999999998,0.068,421.0,-66.64,26.04,6.2,-12.66,2.06,-147.34,0.19,66.48,902.0,101.0,14.5,14.5,6.05,-1.36,-1.73,-1.11,-4.98,-29.59,4.33,-2.46,95.63,0.12,15.19,155.14,2.71
-112.53,46.02,131.0,154.0,-59.475,40.584,0.16,424.0,-70.54,44.89,13.16,-54.56,3.38,168.13,0.19,113.92,902.0,101.0,18.03,36.85,7.63,-10.72,-3.31,0.7,-10.92,-66.62,4.34,-10.03,108.3,0.16,16.4,160.27,2.75
-111.95,32.87,204.0,101.0,-55.441,9.99,0.073,883.0,-59.58,8.96,8.39,53.1,-4.28,-74.88,0.19,74.31,131.0,101.0,1.44,1.44,5.04,6.71,1.12,-4.13,-6.66,22.92,6.13,2.59,49.08,0.08,0.08,116.31,2.56
-108.12,27.02,142.0,104.0,-62.198,19.975,0.061,546.0,-65.83,19.23,2.6,23.24,-4.35,-69.69,0.2,76.24,902.0,101.0,2.18,6.67,2.39,1.03,1.51,-4.08,-4.96,-38.12,3.9,-3.06,89.95,0.05,18.35,152.68,2.69
-111.88,32.52,13.0,101.0,-109.428,34.671,0.051,396.0,-112.2,32.92,-3.74,-123.84,3.93,157.46,0.13,79.45,901.0,105.0,4.76,7.51,-2.08,-3.1,-3.63,1.51,5.94,-164.29,-5.72,-1.61,1.99,0.0,63.01,46.82,1.04
-111.5,32.4,183.0,101.0,-56.176,20.09,0.07400000000000001,641.0,-60.4,18.66,8.71,49.96,-6.78,-68.75,0.19,70.65,902.0,101.0,1.83,1.83,5.6,6.67,2.46,-6.31,-8.09,2.46,8.08,0.35,71.39,0.1,4.9,142.88,2.76
-110.68,32.7,177.0,101.0,-55.604,22.315,0.087,613.0,-60.72,20.86,9.47,12.17,1.94,-115.89,0.19,71.13,902.0,101.0,1.83,1.83,9.25,2.0,-0.85,-1.74,-8.42,1.72,8.41,0.25,82.35,0.18,6.09,148.7,2.8
-110.67,32.67,184.0,101.0,-55.424,19.543,0.087,645.0,-60.42,18.05,8.69,50.22,-6.77,-68.76,0.19,70.42,902.0,101.0,1.83,1.83,5.56,6.68,2.45,-6.31,-8.05,2.59,8.04,0.36,71.75,0.1,5.08,142.03,2.75
-140.74,64.0,194.0,16104.0,-59.336999999999996,50.342,0.055,620.0,-63.65,48.93,1.54,70.21,6.02,-96.07,0.2,60.25,131.0,101.0,11.95,15.52,0.52,1.45,-0.64,-5.99,4.54,-91.95,-0.15,-4.54,42.73,0.01,6.15,109.93,2.41
-141.32,63.52,216.0,16105.0,-52.835,40.998999999999995,0.045,1397.0,-56.11,40.28,7.28,40.32,4.42,-100.16,0.2,72.01,131.0,101.0,11.15,15.52,5.55,4.71,-0.78,-4.35,-4.8,4.49,4.78,0.38,63.9,0.1,2.9,132.44,2.43
-139.12,63.48,142.0,16104.0,-59.54600000000001,61.563,0.078,471.0,-67.53,59.38,1.33,51.4,-4.57,-40.92,0.19,57.65,902.0,16111.0,7.73,15.18,0.83,1.04,3.45,-2.99,-4.7,-24.61,4.28,-1.96,82.84,0.02,25.26,154.09,2.7
-108.08,32.85,212.0,101.0,-52.473,5.504,0.12,1139.0,-59.33,4.69,2.85,62.86,-3.67,-74.1,0.19,77.5,131.0,101.0,0.1,0.1,1.3,2.54,1.01,-3.53,-2.52,-22.93,2.33,-0.98,51.78,0.02,-0.0,111.77,2.6
-137.81,62.45,131.0,16104.0,-65.72,62.068000000000005,0.046,387.0,-71.33,62.11,14.39,-45.39,3.83,172.99,0.15,106.84,902.0,101.0,0.07,54.81,10.11,-10.25,-3.8,0.47,-11.64,-57.14,6.32,-9.78,101.93,0.16,26.82,156.51,2.72
-120.71,50.34,141.0,16102.0,-60.138999999999996,45.526,0.085,486.0,-67.04,44.97,1.89,38.97,-4.5,-50.14,0.12,64.01,902.0,16111.0,0.06,0.06,1.47,1.19,2.88,-3.45,-4.9,-27.61,4.34,-2.27,84.89,0.02,14.43,138.09,2.58
-111.22,33.04,131.0,101.0,-64.332,28.191999999999997,0.068,483.0,-68.32,26.63,10.8,-8.98,2.63,-134.98,0.19,63.87,902.0,101.0,16.3,16.3,10.67,-1.69,-1.86,-1.86,-9.51,-21.82,8.83,-3.54,95.77,0.21,17.15,155.2,2.71
-133.75,60.99,67.0,16104.0,-115.60600000000001,69.768,0.059000000000000004,212.0,-122.77,67.58,13.67,-34.57,3.46,-164.9,0.16,44.81,918.0,101.0,4.14,54.07,11.26,-7.76,-3.34,-0.9,-11.73,-47.65,7.9,-8.67,54.14,0.16,84.68,124.68,2.1
-112.17,30.72,217.0,101.0,-56.651,3.181,0.049,1179.0,-59.46,3.04,2.85,62.86,-3.68,-73.91,0.19,79.35,131.0,101.0,0.1,0.1,1.3,2.54,1.02,-3.53,-2.54,-22.82,2.34,-0.98,73.48,0.02,0.14,145.25,0.77
-140.42,64.19,83.0,16104.0,-109.273,73.914,0.045,154.0,-115.06,71.96,7.55,-7.85,4.49,-151.31,0.17,74.04,918.0,101.0,0.09,58.12,7.48,-1.03,-3.94,-2.16,-4.78,-42.2,3.54,-3.21,37.16,0.09,25.49,107.88,2.27
-140.35,64.33,98.0,16104.0,-90.85600000000001,71.288,0.047,278.0,-97.48,69.7,5.97,-20.7,4.66,-147.78,0.17,87.95,902.0,101.0,0.09,58.12,5.59,-2.11,-3.94,-2.49,-4.85,-70.51,1.62,-4.58,52.31,0.08,46.28,121.51,2.51
-133.41,59.71,23.0,16113.0,-129.317,63.486000000000004,0.085,268.0,-140.12,64.73,3.51,14.78,1.71,-99.61,0.2,324.49,901.0,111.0,0.1,0.1,3.39,0.89,-0.29,-1.68,-3.21,-14.33,3.11,-0.8,28.08,0.04,36.96,87.42,2.04
-127.28,54.83,153.0,16101.0,-61.571999999999996,47.903,0.08199999999999999,505.0,-68.59,48.23,10.61,-20.54,1.53,177.11,0.2,92.29,902.0,16111.0,8.66,8.66,9.93,-3.72,-1.53,0.08,-9.16,-23.55,8.4,-3.66,95.09,0.21,16.98,154.75,2.72
-111.58,33.11,120.0,101.0,-67.968,30.623,0.065,518.0,-71.73,28.88,16.31,47.56,5.97,-107.41,0.19,60.66,902.0,101.0,18.56,18.56,11.01,12.04,-1.79,-5.7,-11.21,34.4,9.25,6.33,87.12,0.21,21.35,153.49,2.69
-138.45,62.67,136.0,16104.0,-62.391000000000005,61.909,0.044000000000000004,419.0,-67.78,61.75,7.77,-46.62,3.77,174.31,0.15,110.43,902.0,101.0,0.07,53.49,5.34,-5.65,-3.75,0.37,-5.5,-73.21,1.59,-5.27,100.0,0.08,23.2,157.9,2.73
-137.94,62.56,185.0,16104.0,-59.828,53.316,0.068,347.0,-66.31,53.05,8.52,36.58,9.08,169.36,0.2,261.31,101.0,16111.0,7.89,7.89,6.84,5.08,-8.93,1.68,7.06,107.24,-2.09,6.74,68.3,0.12,10.73,139.13,2.56
-125.27,53.33,173.0,16101.0,-58.501000000000005,45.87,0.077,439.0,-64.17,44.01,10.36,18.03,1.94,-110.58,0.19,63.4,902.0,16111.0,2.47,2.47,9.85,3.2,-0.68,-1.82,-9.27,8.58,9.16,1.38,82.36,0.19,8.71,127.72,2.54
-111.95,32.87,118.0,101.0,-69.554,31.025,0.057999999999999996,518.0,-72.9,29.41,15.83,43.76,6.39,-123.32,0.19,60.48,902.0,101.0,18.56,18.56,11.44,10.95,-3.51,-5.34,-9.72,35.05,7.95,5.58,91.22,0.22,22.21,153.26,2.69
-143.47,63.89,111.0,16105.0,-83.24799999999999,69.056,0.033,294.0,-86.04,67.44,-14.38,91.99,-4.36,-60.19,0.2,6.14,902.0,182.0,0.1,0.1,-0.5,14.37,2.17,-3.79,-10.71,80.83,1.71,10.58,52.08,0.0,69.45,122.61,2.1
-113.17,34.58,120.0,178.0,-68.915,32.427,0.067,507.0,-72.71,30.34,16.43,59.24,5.97,-95.27,0.17,48.06,902.0,101.0,20.25,20.25,8.4,14.12,-0.55,-5.95,-11.35,46.03,7.88,8.17,89.9,0.15,21.36,153.48,2.69
-141.46,63.64,104.0,16105.0,-87.285,69.39699999999999,0.033,298.0,-91.57,68.32,6.84,-39.54,4.72,-146.22,0.17,92.54,902.0,101.0,0.09,58.12,5.27,-4.35,-3.92,-2.62,-7.08,-79.21,1.33,-6.95,49.22,0.07,59.58,119.03,2.48
-137.2,62.09,45.0,16104.0,-126.32,67.31,0.046,195.0,-132.63,66.37,-9.74,-90.66,1.27,-167.58,0.15,68.73,918.0,101.0,0.07,57.74,-0.11,-9.74,-1.24,-0.27,10.12,-97.78,-1.37,-10.02,10.36,0.0,15.98,58.79,1.74
-114.15,35.37,128.0,178.0,-66.66199999999999,31.563000000000002,0.071,501.0,-70.29,28.98,13.67,30.88,2.52,-110.53,0.17,50.17,902.0,101.0,18.88,18.88,11.74,7.02,-0.88,-2.36,-11.82,23.3,10.86,4.67,78.73,0.2,22.55,147.67,2.65
-138.84,62.74,214.0,16104.0,-53.07899999999999,40.382,0.045,1355.0,-56.47,40.4,7.23,23.17,4.41,-117.21,0.2,88.59,131.0,101.0,11.75,14.92,6.65,2.85,-2.02,-3.92,-4.76,-12.95,4.64,-1.07,71.11,0.13,8.74,136.45,2.43
-110.65,31.19,159.0,101.0,-60.256,19.526,0.07200000000000001,745.0,-64.41,18.3,9.96,27.02,5.27,-109.59,0.2,73.39,902.0,101.0,2.37,2.37,8.87,4.53,-1.77,-4.97,-7.13,-3.8,7.12,-0.47,85.37,0.18,11.31,150.44,2.67
-110.46,31.77,178.0,101.0,-55.604,21.244,0.08,626.0,-60.32,20.0,9.4,12.28,1.94,-115.72,0.19,71.3,902.0,101.0,1.06,1.06,9.18,2.0,-0.84,-1.74,-8.35,1.74,8.35,0.25,81.74,0.18,5.8,148.48,2.79
-133.75,60.99,126.0,16104.0,-67.14399999999999,60.32,0.059000000000000004,414.0,-73.86,59.75,15.66,4.03,3.15,-146.06,0.16,75.71,902.0,101.0,2.89,52.22,15.62,1.1,-2.61,-1.76,-13.02,-2.85,13.01,-0.65,77.44,0.25,31.97,153.35,2.69
-138.02,62.65,191.0,16104.0,-60.466,49.919,0.049,549.0,-64.66,49.29,1.61,48.84,6.01,-113.54,0.2,76.2,131.0,101.0,12.89,14.52,1.06,1.21,-2.4,-5.51,4.5,-107.81,-1.38,-4.28,48.29,0.02,5.32,117.62,2.42
-108.12,32.81,216.0,101.0,-52.611999999999995,3.995,0.11900000000000001,1171.0,-59.43,3.37,2.85,62.86,-3.68,-73.95,0.19,78.98,131.0,101.0,0.1,0.1,1.3,2.54,1.02,-3.53,-2.53,-22.84,2.34,-0.98,75.98,0.02,0.69,146.74,0.75
-157.05,64.13,143.0,18103.0,-55.696000000000005,70.825,0.031,1150.0,-50.28,70.77,5.26,-6.4,6.02,131.85,0.19,275.17,18100.0,18107.0,6.01,6.4,5.23,-0.59,-4.02,4.49,-4.15,72.13,1.27,3.95,98.63,0.11,111.74,654.64,2.66
-137.3,62.64,183.0,16101.0,-58.81399999999999,54.418,0.051,385.0,-63.83,54.15,8.46,36.54,9.07,169.35,0.2,263.11,101.0,16111.0,7.3,7.3,6.8,5.04,-8.92,1.68,7.03,107.62,-2.13,6.7,149.28,0.15,10.74,149.86,2.77
-137.19,62.08,181.0,16104.0,-58.755,55.143,0.025,525.0,-61.2,55.0,8.4,36.45,9.06,169.34,0.2,265.04,101.0,16111.0,6.91,6.91,6.76,4.99,-8.91,1.68,6.99,107.99,-2.16,6.65,153.35,0.15,12.14,152.68,2.77
-137.33,62.34,31.0,16104.0,-131.38,66.944,0.047,192.0,-137.32,65.69,3.44,-50.73,1.74,162.83,0.15,67.39,901.0,101.0,0.07,60.25,2.17,-2.66,-1.66,0.51,-2.21,-76.78,0.51,-2.15,20.76,0.02,32.71,75.3,1.96
-137.2,62.61,139.0,16101.0,-59.607,61.15,0.051,455.0,-65.7,61.54,7.23,-51.93,3.71,163.66,0.15,112.6,902.0,101.0,0.07,52.82,4.46,-5.7,-3.56,1.04,-4.74,-78.93,0.91,-4.65,84.23,0.07,24.21,155.15,2.7
-137.27,62.33,113.0,16104.0,-77.797,65.736,0.047,291.0,-84.33,66.18,14.55,3.39,4.48,-149.45,0.17,95.3,902.0,101.0,0.79,57.42,14.53,0.86,-3.86,-2.28,-10.76,-7.76,10.66,-1.45,57.33,0.22,56.25,128.72,2.11
-137.62,62.43,183.0,16104.0,-59.231,54.335,0.047,385.0,-63.83,54.15,8.46,36.54,9.07,169.35,0.2,263.11,101.0,16111.0,7.3,7.3,6.8,5.04,-8.92,1.68,7.03,107.62,-2.13,6.7,149.28,0.15,10.74,149.86,2.77
-126.34,54.75,99.0,16101.0,-84.21700000000001,59.397,0.071,368.0,-91.6,57.99,7.71,8.32,4.88,-122.86,0.19,66.1,902.0,101.0,11.97,46.24,7.63,1.12,-2.65,-4.1,-5.78,-31.01,4.95,-2.98,63.07,0.13,40.98,134.64,2.27
-123.63,51.46,84.0,16101.0,-93.74799999999999,59.301,0.049,296.0,-98.28,57.76,13.72,2.11,4.84,-120.01,0.19,54.14,902.0,101.0,16.05,54.39,13.71,0.51,-2.42,-4.19,-11.87,-18.1,11.28,-3.69,69.48,0.25,28.02,140.63,2.58
-133.75,60.99,113.0,16104.0,-76.107,63.718999999999994,0.059000000000000004,322.0,-83.45,62.89,14.91,28.29,4.69,-126.54,0.16,70.8,902.0,101.0,4.14,54.07,13.13,7.07,-2.8,-3.77,-10.85,17.49,10.35,3.26,62.99,0.19,41.57,134.56,2.28
-123.37,51.04,2.0,173.0,-123.045,51.393,0.061,297.0,-127.61,49.5,4.4,2.92,2.24,153.16,0.17,55.12,903.0,101.0,2.18,11.57,4.4,0.22,-2.0,1.01,-2.7,27.18,2.4,1.23,4.53,0.02,19.47,49.24,1.07
-123.42,51.08,45.0,173.0,-111.595,55.898999999999994,0.046,318.0,-115.0,54.12,5.29,-30.0,1.79,-140.1,0.19,45.81,903.0,101.0,15.48,42.33,4.58,-2.64,-1.37,-1.15,-4.95,-49.88,3.19,-3.78,11.54,0.03,49.8,60.24,1.8
-117.95,38.78,178.0,178.0,-59.353,29.905,0.07200000000000001,423.0,-63.79,28.42,9.95,13.35,1.95,-114.86,0.2,68.04,902.0,101.0,10.05,10.05,9.68,2.3,-0.82,-1.77,-8.88,3.4,8.86,0.53,78.81,0.19,6.04,145.22,2.76
-127.18,53.68,157.0,16101.0,-62.04,45.673,0.076,536.0,-68.28,45.47,8.53,8.9,3.81,-102.99,0.19,86.78,902.0,16111.0,6.73,6.73,8.43,1.32,-0.86,-3.72,-7.94,-17.79,7.56,-2.43,95.85,0.17,13.9,154.96,2.79
-155.83,66.18,146.0,18106.0,-50.065,68.987,0.022000000000000002,993.0,-53.56,68.96,1.89,-14.97,4.79,126.84,0.19,271.81,18100.0,18107.0,4.78,8.09,1.82,-0.49,-2.87,3.83,3.51,107.44,-1.05,3.35,149.03,0.04,85.39,867.61,2.72
-127.23,53.53,142.0,16101.0,-62.75899999999999,50.012,0.065,406.0,-68.51,50.37,1.7,11.5,-4.54,-79.32,0.2,93.44,902.0,16111.0,6.02,6.02,1.66,0.34,0.84,-4.46,-4.82,-58.81,2.5,-4.12,82.47,0.03,19.76,149.22,2.65
-106.37,24.9,217.0,104.0,-54.646,-2.795,0.094,1101.0,-60.01,-2.48,5.18,10.71,-3.7,-81.11,0.2,92.75,902.0,101.0,5.46,9.5,5.09,0.96,0.57,-3.65,-6.29,-25.12,5.69,-2.67,75.46,0.1,0.07,142.9,1.17
-108.39,29.4,83.0,101.0,-84.189,35.611999999999995,0.076,389.0,-89.34,34.53,14.71,-9.3,4.99,-134.8,0.18,73.6,902.0,101.0,15.3,15.3,14.51,-2.38,-3.52,-3.54,-12.49,-28.28,11.0,-5.92,66.22,0.24,16.96,137.46,2.55
-123.4,51.1,129.0,173.0,-66.125,48.513999999999996,0.047,494.0,-69.9,47.65,15.35,12.64,2.97,-134.15,0.19,69.43,902.0,101.0,15.18,39.86,14.97,3.36,-2.07,-2.13,-12.97,5.47,12.91,1.24,83.19,0.29,16.26,138.02,2.34
-123.35,51.1,183.0,173.0,-57.778,40.668,0.039,629.0,-60.76,40.76,8.82,38.04,9.08,172.78,0.18,261.97,101.0,16111.0,0.09,20.93,6.95,5.44,-9.01,1.14,6.88,107.44,-2.06,6.56,116.23,0.14,3.74,117.33,2.51
-123.39,51.09,175.0,173.0,-58.119,43.1,0.057,571.0,-62.16,41.73,10.34,24.06,1.95,-104.77,0.18,58.77,902.0,16111.0,0.09,0.09,9.44,4.22,-0.5,-1.88,-9.24,14.61,8.95,2.33,76.46,0.17,7.25,125.0,2.54
-117.05,40.61,170.0,178.0,-58.99100000000001,32.366,0.102,410.0,-65.54,30.64,10.07,8.63,1.95,-119.92,0.19,71.54,902.0,101.0,11.85,11.85,9.96,1.51,-0.97,-1.69,-8.99,-1.16,8.99,-0.18,88.71,0.2,8.67,152.03,2.82
-120.38,48.61,13.0,173.0,-117.92,50.85,0.071,324.0,-124.17,49.9,4.38,-35.95,2.42,144.48,0.18,75.76,903.0,101.0,4.02,13.12,3.54,-2.57,-1.97,1.4,-1.96,-36.69,1.57,-1.17,7.72,0.02,44.6,60.23,1.53
-150.03,65.27,219.0,16105.0,-53.19,43.958,0.052000000000000005,1360.0,-56.82,42.61,7.56,61.52,-4.45,-79.66,0.19,49.42,131.0,101.0,7.6,19.08,3.61,6.65,0.8,-4.38,-4.96,27.34,4.41,2.28,76.05,0.07,3.57,144.67,0.78
-117.22,40.42,211.0,178.0,-56.081,15.786,0.098,786.0,-61.83,14.85,3.81,38.51,-3.53,-88.44,0.19,79.33,131.0,101.0,10.24,10.24,2.98,2.37,0.1,-3.53,-3.3,-20.26,3.1,-1.14,29.0,0.04,0.0,89.15,2.33
-127.69,54.85,9.0,16101.0,-126.316,56.448,0.076,296.0,-128.77,52.34,4.1,-72.53,2.23,160.31,0.11,46.82,901.0,101.0,0.06,17.09,1.23,-3.91,-2.1,0.75,3.29,-105.33,-0.87,-3.18,3.01,0.0,28.09,46.36,0.9
-127.94,54.84,95.0,16101.0,-88.664,60.84,0.06,354.0,-94.92,59.39,7.49,9.21,4.86,-123.32,0.17,63.11,902.0,101.0,11.44,46.77,7.4,1.2,-2.67,-4.06,-5.5,-31.19,4.71,-2.85,61.32,0.11,31.63,132.97,2.52
-155.28,59.9,42.0,18106.0,-148.92700000000002,65.08,0.054000000000000006,126.0,-143.55,63.06,9.94,11.81,-1.36,-54.78,0.19,315.79,918.0,111.0,5.41,5.41,9.73,2.03,0.79,-1.11,-10.56,4.91,10.52,0.9,18.73,0.09,19.29,71.88,1.84
-108.39,29.4,187.0,101.0,-54.54,14.097000000000001,0.09,664.0,-59.82,14.47,8.59,18.03,6.73,-102.8,0.07,103.24,902.0,2000.0,0.04,24.4,8.17,2.66,-1.49,-6.56,-7.76,-30.35,6.7,-3.92,66.98,0.06,5.43,139.06,2.71
-115.13,35.48,191.0,101.0,-58.336999999999996,19.304000000000002,0.065,675.0,-61.91,17.74,9.73,36.92,-5.26,-85.69,0.2,67.15,902.0,101.0,5.91,5.91,7.78,5.84,0.39,-5.25,-8.21,4.36,8.19,0.62,57.38,0.13,2.27,128.71,2.54
-120.48,49.63,24.0,16102.0,-115.10799999999999,53.349,0.075,269.0,-121.99,52.25,6.01,-30.52,2.13,166.56,0.17,73.96,903.0,101.0,0.78,16.02,5.18,-3.05,-2.07,0.49,-4.01,-39.18,3.11,-2.54,14.65,0.04,56.32,65.35,1.76
-120.85,40.2,141.0,178.0,-66.845,36.723,0.057,293.0,-70.8,35.93,2.2,24.68,-4.52,-67.61,0.19,76.67,902.0,101.0,9.68,14.74,2.0,0.92,1.72,-4.18,-4.94,-41.33,3.71,-3.26,98.89,0.04,14.78,156.03,2.72
-138.61,62.53,182.0,16104.0,-59.49100000000001,55.293,0.031,403.0,-62.63,55.16,8.41,36.62,9.06,169.33,0.2,263.98,101.0,16111.0,6.52,6.52,6.75,5.01,-8.9,1.68,7.02,107.94,-2.16,6.68,150.06,0.15,12.14,152.52,2.76
-142.87,63.67,211.0,16105.0,-54.56399999999999,43.441,0.043,1262.0,-57.68,42.57,7.33,40.01,4.43,-100.75,0.2,69.47,131.0,101.0,10.56,16.11,5.62,4.71,-0.83,-4.35,-4.81,4.46,4.8,0.37,83.44,0.11,12.22,149.45,0.76
-142.99,63.61,160.0,16105.0,-62.933,57.37,0.061,470.0,-68.16,55.44,8.61,10.26,1.14,146.07,0.19,52.94,902.0,16111.0,10.44,17.86,8.47,1.53,-0.95,0.64,-7.83,15.81,7.53,2.13,93.98,0.17,17.29,154.38,2.82
-143.8,64.21,191.0,16105.0,-62.321999999999996,52.705,0.049,498.0,-66.15,51.23,1.49,75.94,6.03,-97.03,0.2,57.63,131.0,101.0,10.71,16.71,0.36,1.45,-0.74,-5.99,4.55,-95.23,-0.41,-4.53,53.67,0.01,6.84,124.28,2.51
-138.56,62.72,14.0,16104.0,-137.07299999999998,65.15,0.063,300.0,-143.37,62.85,3.69,0.81,1.99,-122.91,0.19,323.06,901.0,111.0,0.1,0.1,3.69,0.05,-1.08,-1.67,-3.08,-31.96,2.61,-1.63,32.75,0.05,43.05,95.78,2.09
-118.43,38.62,111.0,178.0,-77.721,39.896,0.075,422.0,-82.79,38.14,16.09,33.99,6.12,-129.9,0.19,65.37,902.0,101.0,27.18,27.18,13.34,9.0,-3.92,-4.69,-10.36,24.35,9.44,4.27,85.82,0.25,32.89,150.71,2.5
-118.08,38.49,11.0,178.0,-116.15299999999999,40.391999999999996,0.067,390.0,-119.68,37.68,-4.4,-98.93,2.61,-177.92,0.17,43.88,901.0,101.0,0.09,0.09,-0.68,-4.35,-2.6,-0.09,5.53,-126.47,-3.29,-4.45,14.13,0.0,91.86,63.94,1.56
-143.93,64.23,129.0,16105.0,-69.02199999999999,65.403,0.06,645.0,-63.64,68.08,16.44,45.27,4.11,-111.69,0.19,41.6,902.0,103.0,1.64,1.64,11.57,11.68,-1.52,-3.81,-12.76,38.32,10.01,7.91,14.58,0.1,34.08,510.74,2.64
-143.89,64.23,84.0,16105.0,-113.211,74.183,0.04,150.0,-114.18,71.93,11.94,53.2,-4.5,-62.51,0.2,346.17,902.0,182.0,0.1,0.1,7.15,9.56,2.08,-3.99,-10.75,30.99,9.22,5.54,39.15,0.1,43.79,104.96,2.25
-137.09,62.27,42.0,16101.0,-127.024,67.441,0.048,154.0,-133.47,66.32,-9.42,-91.39,1.26,-167.28,0.15,68.62,918.0,101.0,0.07,58.12,-0.23,-9.41,-1.23,-0.28,9.81,-98.62,-1.47,-9.69,12.05,0.0,24.68,61.53,1.79
-115.0,39.26,220.0,178.0,-54.806000000000004,10.774000000000001,0.10800000000000001,1039.0,-60.99,9.52,3.99,36.7,-2.41,-85.6,0.2,78.49,131.0,101.0,7.69,7.69,3.2,2.39,0.18,-2.4,-3.4,-0.22,3.4,-0.01,44.66,0.05,0.0,109.52,1.96
-125.3,55.5,220.0,16102.0,-51.641999999999996,28.153000000000002,0.06,1442.0,-55.5,28.5,5.65,20.27,-2.29,-89.36,0.2,93.57,131.0,101.0,5.14,5.14,5.3,1.96,0.03,-2.29,-5.34,-3.62,5.33,-0.34,36.63,0.07,0.0,101.11,2.54
-124.96,55.11,43.0,16102.0,-113.383,59.958999999999996,0.086,222.0,-120.69,56.85,4.24,-42.29,1.67,-144.61,0.17,49.39,903.0,101.0,11.42,46.65,3.14,-2.85,-1.36,-0.97,-4.2,-65.22,1.76,-3.81,2.27,0.01,15.09,45.83,1.61
-114.77,41.77,19.0,178.0,-110.73100000000001,44.88,0.139,359.0,-119.59,40.31,4.16,-11.31,2.6,175.92,0.2,50.19,903.0,101.0,2.66,2.66,4.08,-0.82,-2.6,0.19,-1.61,-23.3,1.48,-0.64,6.72,0.02,35.79,52.6,1.39
-127.62,50.26,186.0,16110.0,-68.196,43.977,0.033,397.0,-65.7,44.57,8.77,40.92,9.14,174.78,0.19,256.45,101.0,16111.0,8.9,16.21,6.62,5.74,-9.1,0.83,7.01,110.66,-2.47,6.56,91.99,0.13,7.87,151.78,2.5
-119.24,39.05,188.0,178.0,-60.545,25.405,0.062,471.0,-64.28,24.3,8.79,47.22,-6.91,-68.48,0.19,70.83,902.0,101.0,9.01,11.22,5.97,6.45,2.53,-6.43,-8.52,0.1,8.52,0.01,63.81,0.1,3.8,133.95,2.63
-113.39,28.06,162.0,105.0,-58.582,14.232999999999999,0.066,699.0,-62.3,15.41,10.51,-55.13,3.73,112.46,0.14,119.44,902.0,2000.0,0.07,27.53,6.01,-8.62,-1.42,3.44,-6.91,-48.75,4.56,-5.2,83.46,0.09,10.59,149.38,2.66
-120.18,49.67,173.0,16102.0,-56.75,41.201,0.076,571.0,-62.49,41.8,10.34,-32.12,1.95,-161.02,0.2,114.71,902.0,101.0,0.1,23.73,8.76,-5.5,-1.84,-0.63,-9.25,-41.57,6.92,-6.14,82.01,0.17,8.18,128.36,2.56
-119.2,38.98,156.0,178.0,-64.824,30.514,0.062,491.0,-68.78,29.59,9.54,24.53,5.06,-101.9,0.19,75.55,902.0,101.0,11.7,13.0,8.67,3.96,-1.04,-4.95,-7.7,-7.61,7.64,-1.02,89.68,0.17,11.38,152.55,2.68
-127.51,50.61,148.0,16110.0,-66.205,46.066,0.036000000000000004,514.0,-69.21,46.04,1.92,-18.63,2.73,-91.97,0.19,88.37,902.0,16111.0,5.98,5.98,1.82,-0.61,-0.09,-2.73,-3.76,-62.75,1.72,-3.34,99.82,0.04,16.36,156.59,2.72
-127.46,50.6,41.0,16110.0,-117.262,55.523,0.01,233.0,-117.99,55.14,4.79,-18.75,1.73,-128.66,0.19,34.03,903.0,101.0,13.94,44.39,4.53,-1.54,-1.08,-1.35,-4.48,-40.04,3.43,-2.89,12.58,0.04,45.28,61.77,1.84
-127.52,50.63,137.0,16110.0,-66.414,48.638000000000005,0.01,419.0,-67.21,48.46,7.64,1.08,3.41,-136.7,0.19,62.65,902.0,101.0,13.65,39.67,7.64,0.14,-2.48,-2.34,-5.61,-22.91,5.16,-2.18,94.6,0.16,16.07,150.15,2.65
-127.46,50.6,139.0,16110.0,-65.508,48.467,0.01,391.0,-66.33,48.34,7.06,-4.41,3.22,-147.29,0.19,63.71,902.0,101.0,13.65,39.25,7.04,-0.54,-2.71,-1.74,-4.89,-27.69,4.33,-2.27,85.87,0.14,17.6,147.97,2.64
-127.39,50.59,12.0,16110.0,-125.46799999999999,52.7,0.019,306.0,-126.81,51.95,4.43,-7.53,2.35,171.99,0.17,45.77,903.0,101.0,1.32,15.82,4.39,-0.58,-2.33,0.33,-2.08,-7.18,2.06,-0.26,5.87,0.02,13.13,51.36,1.35
-127.46,50.59,43.0,16110.0,-116.71799999999999,55.538000000000004,0.01,237.0,-117.18,55.05,4.8,-30.04,1.74,-139.0,0.19,44.41,903.0,101.0,14.14,43.93,4.15,-2.4,-1.32,-1.14,-4.52,-51.45,2.82,-3.54,9.15,0.03,47.25,58.68,1.81
-127.86,50.67,185.0,16110.0,-67.095,44.698,0.031,415.0,-64.66,45.02,8.75,40.83,9.14,174.78,0.19,257.2,101.0,16111.0,7.79,16.02,6.62,5.72,-9.1,0.83,6.99,110.73,-2.48,6.54,93.5,0.13,8.33,153.55,2.76
-120.0,49.17,140.0,16102.0,-60.261,44.661,0.078,384.0,-66.59,44.91,1.88,38.26,-4.5,-50.38,0.19,64.43,902.0,16111.0,0.1,0.1,1.48,1.17,2.87,-3.46,-4.91,-27.92,4.34,-2.3,87.56,0.03,13.44,139.56,2.6
-119.27,38.96,41.0,178.0,-109.291,43.582,0.07,312.0,-113.7,41.24,7.03,-9.1,2.2,-145.59,0.19,52.34,903.0,101.0,29.14,29.19,6.94,-1.11,-1.81,-1.24,-5.63,-24.62,5.11,-2.34,32.09,0.09,21.5,94.22,2.05
-127.48,50.6,12.0,16110.0,-125.56200000000001,52.711000000000006,0.019,306.0,-126.81,51.95,4.43,-7.53,2.35,171.99,0.17,45.77,903.0,101.0,1.32,15.82,4.39,-0.58,-2.33,0.33,-2.08,-7.18,2.06,-0.26,5.87,0.02,13.13,51.36,1.35
-127.97,50.71,26.0,16110.0,-122.65799999999999,54.736999999999995,0.03,242.0,-121.76,53.1,6.35,-25.22,2.12,166.66,0.17,73.92,903.0,101.0,0.09,17.21,5.74,-2.71,-2.07,0.49,-4.28,-30.78,3.68,-2.19,10.66,0.04,66.26,58.88,1.8
-109.9,31.43,146.0,101.0,-62.167,23.245,0.083,642.0,-67.21,22.17,2.89,11.12,-3.51,-78.28,0.2,75.21,902.0,101.0,2.37,2.37,2.84,0.56,0.71,-3.43,-4.57,-39.04,3.55,-2.88,89.43,0.06,19.77,152.45,2.69
-129.11,58.48,187.0,16104.0,-57.96,46.353,0.113,375.0,-67.06,45.05,8.76,41.11,9.14,174.78,0.19,255.47,101.0,16111.0,11.0,12.41,6.6,5.76,-9.1,0.83,7.04,110.81,-2.5,6.58,90.52,0.13,8.2,149.83,2.49
-130.25,56.5,206.0,16101.0,-55.833,35.946,0.028999999999999998,1102.0,-57.92,35.99,8.31,41.65,4.84,-111.99,0.2,87.61,131.0,101.0,7.53,7.53,6.21,5.52,-1.81,-4.49,-4.5,13.53,4.37,1.05,76.83,0.12,2.72,133.28,2.52
-120.46,49.42,143.0,16102.0,-60.97,43.907,0.08,599.0,-67.31,44.19,1.92,39.74,-4.49,-49.87,0.12,63.61,902.0,16111.0,0.06,0.06,1.47,1.23,2.89,-3.43,-4.89,-26.89,4.36,-2.21,80.72,0.02,13.74,134.25,2.56
-120.01,49.52,44.0,16102.0,-108.26299999999999,54.183,0.069,301.0,-114.93,53.8,5.41,-73.33,1.8,175.12,0.19,90.66,903.0,101.0,15.86,42.07,1.55,-5.19,-1.79,0.15,5.02,-92.79,-0.24,-5.02,18.05,0.01,48.92,67.35,1.83
-120.01,49.88,14.0,16107.0,-117.26100000000001,52.278,0.08199999999999999,322.0,-124.06,50.23,4.39,-13.8,2.42,166.82,0.18,53.46,903.0,101.0,3.84,13.3,4.26,-1.05,-2.35,0.55,-1.97,-14.76,1.91,-0.5,9.8,0.03,41.64,57.43,1.48
-130.8,56.83,145.0,16101.0,-62.952,52.74,0.055999999999999994,579.0,-68.17,53.57,2.7,-69.13,-2.06,-67.61,0.19,103.13,902.0,16111.0,12.97,12.97,0.96,-2.52,0.78,-1.9,-4.75,-68.53,1.74,-4.42,82.31,0.02,20.51,149.83,2.66
-129.45,55.55,188.0,16101.0,-60.318999999999996,43.254,0.084,392.0,-66.44,41.52,8.82,49.31,9.11,-176.77,0.19,247.42,101.0,16111.0,8.83,15.29,5.75,6.69,-9.1,-0.51,7.01,118.51,-3.35,6.16,89.69,0.12,7.84,138.71,2.55
-127.02,57.37,181.0,16102.0,-55.981,48.408,0.055,584.0,-60.69,48.04,8.65,40.64,9.14,174.78,0.19,260.11,101.0,16111.0,4.22,13.89,6.57,5.64,-9.1,0.83,6.93,111.46,-2.54,6.45,134.13,0.14,9.4,125.29,2.5
-121.37,52.25,30.0,16102.0,-114.111,56.498000000000005,0.084,190.0,-120.63,53.47,9.18,-15.26,2.13,169.82,0.17,74.37,903.0,101.0,0.09,16.73,8.85,-2.42,-2.1,0.38,-7.05,-16.61,6.76,-2.02,19.56,0.08,50.45,73.37,1.97
-126.72,57.07,137.0,16102.0,-60.071999999999996,53.733000000000004,0.092,330.0,-68.59,55.54,7.71,-42.95,3.61,177.79,0.17,105.78,902.0,101.0,6.33,46.99,5.65,-5.25,-3.61,0.14,-5.5,-68.17,2.05,-5.11,92.47,0.1,21.14,157.19,2.72
-125.36,55.53,148.0,16113.0,-60.431000000000004,48.979,0.1,517.0,-69.2,49.51,1.82,-23.92,2.73,-95.66,0.2,92.52,902.0,16111.0,9.45,9.45,1.66,-0.74,-0.27,-2.71,-3.72,-68.06,1.39,-3.45,96.79,0.03,17.97,155.52,2.71
-126.73,57.23,14.0,16102.0,-124.257,59.67100000000001,0.11800000000000001,301.0,-127.81,53.17,4.47,-9.99,2.33,169.88,0.18,46.98,903.0,101.0,0.09,17.05,4.4,-0.78,-2.3,0.41,-2.14,-10.04,2.11,-0.37,2.42,0.01,23.08,46.46,1.2
-126.67,57.2,42.0,16102.0,-115.337,62.096000000000004,0.09300000000000001,194.0,-125.96,60.6,-9.31,-91.61,1.51,-167.64,0.17,71.27,918.0,101.0,6.8,51.4,-0.26,-9.3,-1.47,-0.32,9.79,-100.3,-1.75,-9.63,7.09,0.0,31.81,53.04,1.64
-120.99,50.5,9.0,16102.0,-119.391,52.08,0.078,317.0,-125.22,49.53,4.48,4.63,2.29,157.47,0.18,53.13,903.0,101.0,3.66,13.48,4.46,0.36,-2.12,0.88,-2.65,27.8,2.34,1.24,10.17,0.03,55.56,58.12,1.49
-120.98,50.48,122.0,16102.0,-67.542,48.678999999999995,0.063,484.0,-72.98,48.72,19.33,32.52,4.77,-123.99,0.19,66.81,902.0,101.0,15.38,41.06,16.3,10.39,-2.67,-3.96,-15.08,25.24,13.64,6.43,82.65,0.32,24.34,155.04,2.69
-130.34,57.74,206.0,16101.0,-54.993,36.986999999999995,0.040999999999999995,1094.0,-57.97,36.99,8.28,41.8,4.87,-112.73,0.2,87.58,131.0,101.0,8.53,8.53,6.17,5.52,-1.88,-4.49,-4.4,13.84,4.27,1.05,78.17,0.12,5.44,136.09,2.41
-130.26,57.66,153.0,16101.0,-61.125,51.168,0.076,564.0,-67.87,52.31,10.4,-30.72,1.37,166.61,0.19,102.5,902.0,16111.0,12.78,12.78,8.94,-5.31,-1.33,0.32,-9.11,-33.38,7.6,-5.01,95.43,0.18,17.1,155.12,2.71
-130.29,57.76,31.0,16101.0,-123.416,62.286,0.063,226.0,-130.5,60.98,3.22,-45.47,1.91,171.39,0.17,65.25,901.0,101.0,5.78,54.55,2.26,-2.3,-1.88,0.29,-2.05,-79.61,0.37,-2.02,11.19,0.01,28.46,58.97,1.54
-130.17,57.68,149.0,16101.0,-61.821999999999996,51.897,0.07200000000000001,576.0,-68.36,52.93,1.71,-31.14,2.72,-100.87,0.19,99.0,902.0,16111.0,13.16,13.16,1.47,-0.89,-0.51,-2.67,-3.68,-75.06,0.95,-3.56,95.83,0.03,19.13,155.19,2.71
-117.5,38.33,191.0,178.0,-59.302,22.605999999999998,0.07200000000000001,608.0,-63.39,21.0,10.13,35.25,-5.25,-88.33,0.2,66.66,902.0,101.0,9.46,9.46,8.27,5.84,0.15,-5.25,-8.46,4.23,8.44,0.62,60.12,0.14,2.38,131.72,2.6
-120.99,50.42,24.0,16102.0,-115.62,54.148999999999994,0.073,265.0,-122.3,52.91,5.84,-31.5,2.11,166.47,0.17,73.71,903.0,101.0,0.09,16.71,4.98,-3.05,-2.05,0.49,-3.87,-40.89,2.93,-2.54,9.02,0.03,8.25,56.59,1.78
-120.94,50.51,155.0,16102.0,-59.848,41.726000000000006,0.079,678.0,-65.29,39.88,1.5,-82.08,-2.99,-75.81,0.19,63.26,101.0,16111.0,0.09,0.09,0.21,-1.49,0.73,-2.9,-4.48,-77.98,0.93,-4.39,98.35,0.0,19.94,156.27,2.82
-120.85,50.32,186.0,16102.0,-56.788000000000004,37.521,0.086,518.0,-62.84,36.47,8.87,42.91,9.0,177.35,0.19,255.69,101.0,16111.0,0.48,24.62,6.5,6.04,-8.99,0.42,6.91,111.11,-2.49,6.44,56.04,0.11,3.7,124.01,2.52
-120.99,50.54,215.0,16102.0,-52.963,24.465,0.067,1322.0,-57.04,25.5,5.6,12.89,4.01,-122.14,0.19,104.83,131.0,101.0,0.28,0.28,5.46,1.25,-2.14,-3.4,-3.97,-32.67,3.34,-2.14,34.74,0.07,0.0,98.15,2.44
-121.02,50.56,24.0,16102.0,-115.645,54.288999999999994,0.073,265.0,-122.3,52.91,5.84,-31.5,2.11,166.47,0.17,73.71,903.0,101.0,0.09,16.71,4.98,-3.05,-2.05,0.49,-3.87,-40.89,2.93,-2.54,9.02,0.03,8.25,56.59,1.78
-120.99,50.43,109.0,16102.0,-75.557,51.972,0.062,493.0,-81.34,51.93,10.81,-6.54,4.82,-139.27,0.19,64.53,902.0,101.0,16.63,41.58,10.74,-1.23,-3.65,-3.15,-8.31,-31.83,7.06,-4.38,72.38,0.2,37.34,141.25,2.36
-120.91,50.44,185.0,16102.0,-56.623000000000005,38.239000000000004,0.077,528.0,-62.15,37.58,8.86,42.79,9.02,177.36,0.17,256.25,101.0,16111.0,0.08,23.72,6.5,6.02,-9.01,0.42,6.89,111.3,-2.5,6.42,53.13,0.09,3.6,124.74,2.53
-121.04,50.45,93.0,16102.0,-85.12,55.847,0.062,475.0,-91.36,55.45,12.4,6.95,4.89,-117.59,0.19,58.99,902.0,101.0,16.63,41.58,12.31,1.5,-2.27,-4.34,-10.41,-15.79,10.02,-2.83,67.04,0.22,37.82,138.24,2.2
-120.96,50.37,188.0,16102.0,-57.126999999999995,36.408,0.106,464.0,-64.43,35.04,8.87,43.21,8.97,177.34,0.19,254.46,101.0,16111.0,2.15,21.97,6.47,6.07,-8.96,0.42,6.94,111.01,-2.49,6.48,59.4,0.11,2.64,122.75,2.52
-120.96,50.38,78.0,16102.0,-94.77799999999999,58.251000000000005,0.062,313.0,-101.26,57.36,11.57,-46.87,3.53,173.9,0.19,96.89,918.0,101.0,16.82,41.39,7.91,-8.44,-3.51,0.38,-9.21,-61.55,4.39,-8.1,70.44,0.14,21.89,141.03,2.6
-122.29,52.52,175.0,16113.0,-56.41,44.088,0.084,571.0,-62.16,41.73,10.34,24.06,1.95,-104.77,0.18,58.77,902.0,16111.0,0.09,0.09,9.44,4.22,-0.5,-1.88,-9.24,14.61,8.95,2.33,76.46,0.17,7.25,125.0,2.54
-121.05,50.49,148.0,16102.0,-61.137,43.333999999999996,0.08,650.0,-66.83,41.5,1.5,-81.94,-2.72,-66.16,0.2,63.56,101.0,16111.0,1.08,1.08,0.21,-1.49,1.1,-2.49,-4.18,-71.76,1.31,-3.97,101.43,0.0,15.8,157.05,2.73
-121.0,50.43,119.0,16102.0,-69.265,49.54,0.062,493.0,-74.75,49.58,15.87,36.8,5.5,-124.09,0.19,65.95,902.0,101.0,16.63,41.58,12.71,9.51,-3.08,-4.56,-10.83,27.02,9.65,4.92,90.86,0.25,28.91,154.47,2.71
-131.88,58.24,109.0,16101.0,-80.082,61.708,0.052000000000000005,344.0,-86.28,62.33,8.9,-58.54,4.08,178.8,0.16,107.9,902.0,101.0,5.53,52.68,4.64,-7.59,-4.08,0.09,-7.51,-85.89,0.54,-7.49,56.03,0.06,50.86,128.36,2.1
-126.68,57.22,149.0,16102.0,-59.845,50.413999999999994,0.10099999999999999,552.0,-68.76,51.8,1.75,-34.23,2.72,-104.84,0.19,102.49,902.0,16111.0,12.01,12.01,1.44,-0.98,-0.7,-2.63,-3.69,-78.4,0.74,-3.61,95.37,0.03,18.66,154.98,2.71
-130.99,57.36,142.0,16101.0,-61.843,54.358000000000004,0.057,478.0,-67.41,54.99,1.51,6.55,-4.55,-84.18,0.19,100.17,902.0,16111.0,10.71,10.71,1.5,0.17,0.46,-4.52,-4.77,-65.85,1.95,-4.35,73.23,0.03,21.65,152.03,2.67
