lon,lat,age,plate_id,recon_lon,recon_lat,distance,sub_idx,trench_lon,trench_lat,conv_rate,conv_angle,trench_abs_rate,trench_abs_angle,arc_len,trench_norm,subducting_pid,trench_pid,dist_nearest_edge,dist_from_start,conv_ortho,conv_paral,conv_paral_abs,trench_abs_ortho,trench_abs_paral,subducting_abs_rate,subducting_abs_angle,subducting_abs_ortho,subducting_abs_paral,seafloor_age,subduction_volume_km3y,carbonate_sediment_thickness,total_sediment_thick,ocean_crust_carb_percent,target
-122.77,38.97,0,176,-122.77,38.97,0.034,361,-125.13,39.67,-4.76,-127.76,2.36,125.79,0.19,87.55,901,101,0.1,0.1,-2.92,-3.76,3.76,-1.38,1.91,4.69,-156.67,-4.31,-1.86,21.18,0.0,30.84,75.68,1.64,NA_VOLCANIC
-104.79,21.51,3,104,-104.272,21.998,0.017,371,-105.29,21.88,-3.1,-94.99,2.54,130.14,0.19,94.32,970,101,0.09,4.8,-0.27,-3.09,3.09,-1.64,1.94,2.1,-149.38,-1.8,-1.07,4.37,0.0,31.88,266.39,1.18,NA_VOLCANIC
-104.69,21.17,3,104,-104.17299999999999,21.656999999999996,0.018000000000000002,369,-105.3,21.69,-3.09,-90.98,2.54,130.13,0.19,94.32,970,101,0.28,4.61,-0.05,-3.09,3.09,-1.64,1.94,1.91,-146.06,-1.59,-1.07,4.37,0.0,31.88,266.39,1.18,NA_VOLCANIC
-103.86,20.85,3,104,-103.34200000000001,21.334,0.032,367,-105.32,21.5,3.1,-86.97,2.54,130.12,0.19,94.31,970,101,0.47,4.42,0.16,-3.09,3.09,-1.64,1.94,1.74,-142.05,-1.37,-1.07,6.92,0.0,31.88,266.39,1.21,NA_VOLCANIC
-103.74,20.79,3,104,-103.22200000000001,21.274,0.034,365,-105.33,21.32,3.11,-82.98,2.54,130.11,0.19,94.3,970,101,0.66,4.23,0.38,-3.09,3.09,-1.64,1.94,1.57,-137.17,-1.15,-1.07,6.92,0.0,31.88,266.39,1.21,NA_VOLCANIC
-123.0,51.0,9,16124,-127.22399999999999,55.068000000000005,0.05,296,-128.77,52.34,4.1,-72.53,2.23,160.31,0.11,46.82,901,101,0.06,17.09,1.23,-3.91,3.91,-2.1,0.75,3.29,-105.33,-0.87,-3.18,3.01,0.0,28.09,46.36,0.9,NA_VOLCANIC
-122.2,41.42,0,178,-122.2,41.42,0.040999999999999995,354,-125.27,41.02,4.35,-19.15,2.34,133.5,0.2,79.31,903,101,1.45,1.45,4.11,-1.43,1.43,-1.61,1.7,-2.51,6.14,2.5,0.27,4.03,0.02,33.11,65.97,1.6,NA_VOLCANIC
-121.51,40.49,0,178,-121.51,40.49,0.049,357,-125.18,40.44,4.35,-27.33,2.35,125.53,0.19,87.53,903,101,0.86,0.86,3.86,-2.0,2.0,-1.37,1.91,-2.49,-2.0,2.49,-0.09,5.35,0.02,30.84,68.5,1.66,NA_VOLCANIC
-122.12,42.93,0,173,-122.12,42.93,0.045,335,-125.62,42.9,4.36,-25.56,2.32,126.38,0.18,85.56,903,101,3.35,3.35,3.94,-1.88,1.88,-1.38,1.87,-2.56,-0.41,2.56,-0.02,2.68,0.01,23.94,50.31,0.73,NA_VOLCANIC
-122.11,43.24,0,173,-122.11,43.24,0.045,333,-125.64,43.08,4.37,-25.55,2.32,126.32,0.18,85.55,903,101,3.53,3.53,3.94,-1.88,1.88,-1.37,1.87,-2.56,-0.41,2.56,-0.02,2.68,0.01,23.94,50.31,0.73,NA_VOLCANIC
-121.93,44.38,0,173,-121.93,44.38,0.045,343,-125.55,44.53,4.37,-35.5,2.31,115.74,0.18,95.61,903,101,4.99,4.99,3.56,-2.54,2.54,-1.0,2.08,-2.6,-10.31,2.56,-0.47,7.76,0.02,51.1,54.24,1.05,NA_VOLCANIC
-121.82,43.64,0,173,-121.82,43.64,0.048,334,-125.63,43.98,4.37,-35.52,2.31,115.97,0.18,95.56,903,101,4.43,4.43,3.56,-2.54,2.54,-1.01,2.08,-2.58,-10.36,2.54,-0.47,6.93,0.02,51.1,53.65,0.62,NA_VOLCANIC
-121.8,44.67,0,173,-121.8,44.67,0.046,348,-125.54,44.71,4.37,-29.03,2.3,122.12,0.17,89.16,903,101,5.16,5.16,3.82,-2.12,2.12,-1.23,1.95,-2.6,-3.84,2.6,-0.17,7.76,0.02,51.1,54.24,1.05,NA_VOLCANIC
-121.69,43.98,0,173,-121.69,43.98,0.049,340,-125.58,44.35,4.37,-35.51,2.31,115.81,0.18,95.6,903,101,4.8,4.8,3.56,-2.54,2.54,-1.0,2.08,-2.59,-10.33,2.55,-0.47,6.93,0.02,51.1,53.65,0.62,NA_VOLCANIC
-121.23,43.72,0,173,-121.23,43.72,0.055,337,-125.6,44.16,4.37,-35.51,2.31,115.89,0.18,95.58,903,101,4.62,4.62,3.56,-2.54,2.54,-1.01,2.08,-2.59,-10.35,2.55,-0.47,6.93,0.02,51.1,53.65,0.62,NA_VOLCANIC
-120.86,43.51,0,173,-120.86,43.51,0.061,331,-125.65,43.79,4.37,-35.53,2.31,116.04,0.18,95.54,903,101,4.25,4.25,3.56,-2.54,2.54,-1.02,2.08,-2.58,-10.38,2.54,-0.47,6.93,0.02,51.1,53.65,0.62,NA_VOLCANIC
-122.18,46.2,0,173,-122.18,46.2,0.043,332,-125.65,45.74,4.38,-16.42,2.29,134.31,0.18,76.5,903,101,5.97,6.21,4.2,-1.24,1.24,-1.6,1.64,-2.63,8.75,2.6,0.4,7.88,0.02,45.62,54.24,1.09,NA_VOLCANIC
-122.08,45.88,0,173,-122.08,45.88,0.043,338,-125.59,45.57,4.38,-16.43,2.3,134.37,0.18,76.55,903,101,6.03,6.03,4.2,-1.24,1.24,-1.61,1.64,-2.62,8.76,2.59,0.4,7.88,0.02,45.62,54.24,1.09,NA_VOLCANIC
-121.81,48.78,0,173,-121.81,48.78,0.055999999999999994,317,-126.33,47.63,4.38,-15.87,2.27,134.15,0.18,75.47,903,101,4.02,8.15,4.21,-1.2,1.2,-1.58,1.63,-2.67,9.14,2.63,0.42,5.58,0.02,43.73,50.87,1.11,NA_VOLCANIC
-121.76,46.85,0,173,-121.76,46.85,0.05,325,-125.83,46.25,4.38,-16.42,2.29,134.13,0.18,76.38,903,101,5.44,6.73,4.2,-1.24,1.24,-1.59,1.64,-2.64,8.71,2.61,0.4,7.88,0.02,45.62,51.53,1.09,NA_VOLCANIC
-121.69,45.37,0,173,-121.69,45.37,0.047,342,-125.56,45.4,4.38,-29.01,2.3,121.85,0.17,89.15,903,101,5.86,5.86,3.83,-2.12,2.12,-1.21,1.95,-2.62,-3.82,2.61,-0.17,7.76,0.02,45.4,54.24,1.05,NA_VOLCANIC
-121.11,48.11,0,173,-121.11,48.11,0.061,319,-126.2,47.29,4.38,-15.88,2.27,134.28,0.18,75.57,903,101,4.38,7.8,4.21,-1.2,1.2,-1.59,1.63,-2.66,9.17,2.63,0.42,5.75,0.02,43.73,51.1,1.11,NA_VOLCANIC
-120.64,49.56,0,16102,-120.64,49.56,0.07400000000000001,316,-126.45,47.79,4.38,6.39,2.26,156.36,0.18,53.12,903,101,3.84,8.33,4.35,0.49,0.49,-2.07,0.91,-2.67,31.38,2.28,1.39,5.58,0.02,43.73,50.87,1.11,NA_VOLCANIC
-120.55,50.77,0,16102,-120.55,50.77,0.085,315,-126.61,47.93,4.38,6.39,2.26,156.33,0.18,53.01,903,101,3.66,8.51,4.35,0.49,0.49,-2.07,0.91,-2.67,31.33,2.28,1.39,5.58,0.02,23.94,50.87,1.11,NA_VOLCANIC
-129.2,55.27,1,16101,-129.061,55.446999999999996,0.08,295,-129.88,50.9,4.39,9.75,2.19,159.22,0.18,46.86,903,101,0.09,13.19,4.32,0.74,0.74,-2.05,0.78,-2.73,33.74,2.27,1.52,0.59,0.01,4.13,43.52,0.72,NA_VOLCANIC
-124.8,52.27,1,16101,-124.64299999999999,52.446999999999996,0.06,302,-128.53,50.02,4.39,11.99,2.22,161.7,0.17,45.65,903,101,1.32,11.96,4.29,0.91,0.91,-2.11,0.7,-2.71,36.27,2.19,1.61,2.8,0.01,4.13,46.44,0.81,NA_VOLCANIC
-124.8,52.53,1,16101,-124.64299999999999,52.707,0.063,300,-128.91,50.27,4.39,11.99,2.21,161.64,0.17,45.36,903,101,0.97,12.31,4.29,0.91,0.91,-2.1,0.7,-2.72,36.19,2.19,1.61,2.8,0.01,4.13,46.44,0.81,NA_VOLCANIC
-119.87,49.55,10,16101,-126.87799999999999,55.776,0.06,296,-128.59,52.5,4.45,6.27,2.18,163.43,0.18,46.86,903,101,0.09,17.05,4.43,0.49,0.49,-2.09,0.62,-2.58,25.32,2.33,1.1,2.3,0.01,41.06,45.75,0.89,NA_VOLCANIC
-119.74,49.83,11,16124,-125.895,54.214,0.038,297,-128.42,52.67,4.45,-9.6,2.32,169.51,0.18,46.87,903,101,0.09,17.05,4.39,-0.74,0.74,-2.28,0.42,-2.13,-8.83,2.1,-0.33,3.02,0.02,37.98,46.93,1.25,NA_VOLCANIC
-119.65,49.48,13,16101,-126.156,56.419,0.063,302,-128.01,53.0,4.46,-9.86,2.33,169.75,0.18,46.94,903,101,0.09,17.05,4.4,-0.76,0.76,-2.29,0.41,-2.14,-9.63,2.11,-0.36,3.25,0.02,27.81,47.52,1.21,NA_VOLCANIC
-119.62,49.3,14,16124,-126.405,56.336999999999996,0.057,301,-127.81,53.17,4.47,-9.99,2.33,169.88,0.18,46.98,903,101,0.09,17.05,4.4,-0.78,0.78,-2.3,0.41,-2.14,-10.04,2.11,-0.37,2.42,0.01,23.08,46.46,1.2,NA_VOLCANIC
-127.06,52.62,16,16124,-125.961,56.681000000000004,0.057,298,-127.38,53.5,4.49,-10.25,2.34,170.13,0.18,47.06,903,101,0.09,17.05,4.42,-0.8,0.8,-2.31,0.4,-2.15,-10.85,2.11,-0.4,4.69,0.02,13.65,48.23,1.32,NA_VOLCANIC
-148.45,64.72,1,16105,-148.438,64.88600000000001,0.081,294,-144.38,60.63,4.74,14.11,1.92,-134.99,0.19,324.15,901,111,0.1,0.1,4.6,1.16,1.16,-1.36,-1.36,-3.26,-3.74,3.25,-0.21,34.49,0.06,89.12,97.73,1.89,NA_VOLCANIC
-144.02,62.01,0,16110,-144.02,62.01,0.027000000000000003,294,-144.44,60.46,4.76,13.76,1.91,-135.18,0.19,324.26,901,111,0.1,0.1,4.63,1.13,1.13,-1.36,-1.35,-3.29,-3.97,3.28,-0.23,34.77,0.06,88.12,98.17,1.87,NA_VOLCANIC
-121.0,50.0,44,16101,-115.789,57.563,0.042,234,-118.02,55.51,4.88,-21.92,1.73,-128.2,0.19,33.42,903,101,13.36,44.58,4.53,-1.82,1.82,-1.07,-1.36,-4.68,-42.72,3.44,-3.18,8.98,0.03,40.66,56.12,1.76,NA_VOLCANIC
-152.25,61.3,0,18106,-152.25,61.3,0.053,281,-148.35,58.95,5.03,13.02,1.86,-133.57,0.19,320.88,901,111,2.58,2.58,4.9,1.13,1.13,-1.28,-1.35,-3.63,-3.59,3.63,-0.23,37.75,0.07,81.86,102.81,2.0,NA_VOLCANIC
-152.74,60.49,0,16112,-152.74,60.49,0.046,278,-149.2,58.59,5.09,12.86,1.85,-133.18,0.19,320.15,901,111,3.16,3.16,4.96,1.13,1.13,-1.27,-1.35,-3.71,-3.51,3.71,-0.23,39.36,0.07,75.8,105.85,2.04,NA_VOLCANIC
-153.09,60.03,0,16112,-153.09,60.03,0.042,275,-150.04,58.21,5.15,14.79,1.84,-130.7,0.19,317.35,901,111,3.73,3.73,4.98,1.32,1.32,-1.2,-1.39,-3.79,-1.36,3.79,-0.09,39.36,0.07,75.8,105.85,2.04,NA_VOLCANIC
-153.44,59.36,0,16112,-153.44,59.36,0.036000000000000004,273,-150.57,57.95,5.19,14.68,1.83,-130.42,0.19,316.9,901,111,4.11,4.11,5.02,1.32,1.32,-1.19,-1.39,-3.85,-1.34,3.84,-0.09,39.36,0.07,68.81,105.85,2.04,NA_VOLCANIC
-153.67,58.77,0,16112,-153.67,58.77,0.03,270,-151.35,57.56,5.25,14.51,1.82,-129.99,0.19,316.24,901,111,4.69,4.69,5.08,1.32,1.32,-1.17,-1.39,-3.92,-1.32,3.92,-0.09,42.02,0.07,68.81,108.47,2.06,NA_VOLCANIC
-154.69,58.33,0,16112,-154.69,58.33,0.032,267,-152.11,57.16,5.31,14.35,1.81,-129.56,0.19,315.6,901,111,5.26,5.26,5.14,1.32,1.32,-1.15,-1.39,-4.0,-1.29,4.0,-0.09,42.02,0.07,68.81,108.47,2.06,NA_VOLCANIC
-155.36,58.17,0,16112,-155.36,58.17,0.034,265,-152.61,56.89,5.35,14.24,1.8,-129.27,0.19,315.18,901,111,5.64,5.64,5.18,1.32,1.32,-1.14,-1.39,-4.05,-1.28,4.05,-0.09,42.02,0.07,68.81,108.47,2.06,NA_VOLCANIC
-100.47,19.72,1,215,-100.296,19.877,0.051,403,-101.67,17.25,5.38,16.57,2.52,-158.77,0.18,24.2,909,101,1.51,1.51,5.16,1.53,1.53,-2.35,-0.91,-2.88,13.13,2.8,0.65,11.28,0.04,57.78,57.82,1.34,NA_VOLCANIC
-156.51,57.83,0,16112,-156.51,57.83,0.038,261,-153.59,56.35,5.42,14.03,1.78,-128.67,0.19,314.36,901,111,6.41,6.41,5.26,1.32,1.32,-1.11,-1.39,-4.16,-1.24,4.16,-0.09,44.17,0.08,66.3,112.26,2.14,NA_VOLCANIC
-100.5,19.48,1,215,-100.32700000000001,19.637,0.047,404,-101.49,17.17,5.43,16.43,2.51,-158.76,0.18,24.25,909,101,1.32,1.32,5.21,1.53,1.53,-2.34,-0.91,-2.92,12.91,2.85,0.65,11.28,0.04,75.48,59.38,1.39,NA_VOLCANIC
-100.44,19.24,1,215,-100.26700000000001,19.397000000000002,0.044000000000000004,405,-101.32,17.1,5.47,16.28,2.51,-158.75,0.18,24.3,909,101,1.14,1.14,5.25,1.53,1.53,-2.34,-0.91,-2.97,12.69,2.9,0.65,11.28,0.04,75.48,59.38,1.39,NA_VOLCANIC
-156.99,57.13,0,16112,-156.99,57.13,0.033,257,-154.47,55.86,5.49,11.54,1.77,-130.46,0.16,315.97,901,111,7.09,7.09,5.38,1.1,1.1,-1.15,-1.35,-4.25,-3.52,4.24,-0.26,44.17,0.07,66.3,112.26,2.14,NA_VOLCANIC
-100.26,19.06,1,215,-100.087,19.217,0.042,406,-101.14,17.02,5.52,16.38,2.51,-158.5,0.18,24.12,909,101,0.96,0.96,5.3,1.56,1.56,-2.34,-0.92,-3.02,12.72,2.95,0.67,11.28,0.04,75.48,59.38,1.39,NA_VOLCANIC
-100.14,19.03,1,215,-99.96700000000001,19.187,0.042,407,-100.97,16.95,5.57,16.24,2.51,-158.49,0.18,24.17,909,101,0.77,0.77,5.34,1.56,1.56,-2.34,-0.92,-3.07,12.52,3.0,0.67,11.08,0.04,75.48,59.38,1.39,NA_VOLCANIC
-99.92,18.95,1,215,-99.74700000000001,19.105999999999998,0.043,408,-100.79,16.87,5.61,16.1,2.51,-158.48,0.18,24.22,909,101,0.59,0.59,5.39,1.56,1.56,-2.34,-0.92,-3.12,12.32,3.05,0.67,11.08,0.04,75.48,59.38,1.39,NA_VOLCANIC
-158.21,56.91,0,16112,-158.21,56.91,0.037000000000000005,249,-156.33,55.04,5.63,-5.74,1.74,-146.68,0.16,331.61,901,111,8.44,8.44,5.6,-0.56,0.56,-1.45,-0.96,-4.42,-20.28,4.15,-1.53,51.2,0.07,42.53,121.58,2.22,NA_VOLCANIC
-99.78,19.05,1,215,-99.60700000000001,19.206,0.045,409,-100.62,16.8,5.66,15.97,2.51,-158.47,0.18,24.27,909,101,0.41,0.41,5.44,1.56,1.56,-2.33,-0.92,-3.17,12.13,3.1,0.67,11.08,0.04,75.48,59.38,1.39,NA_VOLCANIC
-159.39,56.2,0,16112,-159.39,56.2,0.034,244,-157.46,54.59,5.7,2.02,1.72,-138.35,0.18,322.91,901,111,9.24,9.24,5.7,0.2,0.2,-1.28,-1.14,-4.52,-12.19,4.42,-0.95,52.25,0.09,41.87,122.87,2.22,NA_VOLCANIC
-159.79,56.01,0,16112,-159.79,56.01,0.034,243,-157.7,54.48,5.72,2.02,1.71,-138.22,0.18,322.71,901,111,9.42,9.42,5.72,0.2,0.2,-1.28,-1.14,-4.55,-12.12,4.45,-0.95,52.03,0.09,41.87,122.54,2.21,NA_VOLCANIC
-99.5,19.01,1,215,-99.32600000000001,19.166,0.046,411,-100.3,16.67,5.74,18.67,2.51,-155.48,0.16,21.39,909,101,0.08,0.08,5.44,1.84,1.84,-2.28,-1.04,-3.25,14.72,3.15,0.83,12.17,0.03,75.48,61.17,1.44,NA_VOLCANIC
-99.8,19.14,0,215,-99.8,19.14,0.047,405,-100.96,16.71,5.76,15.97,2.51,-158.56,0.18,24.14,909,101,2.19,2.19,5.53,1.58,1.58,-2.34,-0.92,-3.26,12.31,3.19,0.7,11.54,0.04,77.0,60.14,1.38,NA_VOLCANIC
-99.77,18.85,0,215,-99.77,18.85,0.042,406,-100.79,16.64,5.8,15.84,2.51,-158.55,0.18,24.19,909,101,2.0,2.0,5.58,1.58,1.58,-2.34,-0.92,-3.31,12.13,3.23,0.7,11.54,0.04,77.0,60.14,1.38,NA_VOLCANIC
-162.07,55.34,0,16112,-162.07,55.34,0.034,232,-160.68,53.56,5.91,-15.44,1.66,-154.79,0.19,338.04,901,111,11.41,11.41,5.7,-1.57,1.57,-1.5,-0.71,-4.78,-28.67,4.2,-2.29,51.34,0.09,37.06,121.63,2.21,NA_VOLCANIC
-162.27,55.19,0,16112,-162.27,55.19,0.032,231,-160.97,53.49,5.93,-15.39,1.65,-154.7,0.19,337.8,901,111,11.6,11.6,5.71,-1.57,1.57,-1.49,-0.71,-4.8,-28.53,4.22,-2.29,53.51,0.09,37.06,124.31,2.2,NA_VOLCANIC
-163.15,55.42,0,16112,-163.15,55.42,0.04,229,-161.56,53.34,5.96,-15.3,1.64,-154.51,0.19,337.33,901,111,11.98,11.98,5.75,-1.57,1.57,-1.48,-0.71,-4.85,-28.26,4.27,-2.29,53.48,0.09,37.46,124.21,2.19,NA_VOLCANIC
-98.86,19.09,0,215,-98.86,19.09,0.052000000000000005,411,-99.98,16.33,6.01,18.15,2.5,-155.52,0.16,21.45,909,101,1.17,1.17,5.71,1.87,1.87,-2.28,-1.04,-3.53,14.17,3.42,0.86,11.54,0.04,77.0,60.14,1.39,NA_VOLCANIC
-126.38,54.5,20,16111,-126.05,56.503,0.075,285,-123.38,52.52,6.01,-30.11,2.12,163.67,0.17,73.32,903,101,0.09,15.88,5.2,-3.02,3.02,-2.03,0.59,-3.98,-37.13,3.17,-2.4,10.69,0.03,32.13,63.11,1.63,NA_VOLCANIC
-163.97,54.76,0,16112,-163.97,54.76,0.033,225,-162.73,53.04,6.03,-15.13,1.62,-154.11,0.19,336.39,901,111,12.74,12.74,5.82,-1.57,1.57,-1.46,-0.71,-4.93,-27.73,4.36,-2.29,53.42,0.09,37.46,124.16,2.19,NA_VOLCANIC
-164.35,54.67,0,16112,-164.35,54.67,0.033,224,-163.02,52.97,6.05,-15.08,1.61,-154.01,0.19,336.16,901,111,12.93,12.93,5.84,-1.57,1.57,-1.45,-0.71,-4.95,-27.6,4.39,-2.29,53.42,0.09,37.46,124.16,2.19,NA_VOLCANIC
-98.72,18.87,0,215,-98.72,18.87,0.049,412,-99.82,16.27,6.05,16.95,2.5,-156.58,0.17,22.57,909,101,1.0,1.0,5.79,1.76,1.76,-2.3,-1.0,-3.57,12.92,3.48,0.8,11.54,0.04,77.0,60.14,1.39,NA_VOLCANIC
-164.65,54.52,0,16112,-164.65,54.52,0.032,222,-163.61,52.82,6.08,-21.31,1.6,-160.14,0.2,342.02,901,111,13.32,13.32,5.66,-2.21,2.21,-1.5,-0.54,-4.99,-33.66,4.16,-2.77,54.13,0.09,33.68,125.03,2.19,NA_VOLCANIC
-98.43,18.9,0,215,-98.43,18.9,0.051,413,-99.65,16.2,6.1,16.83,2.5,-156.57,0.17,22.61,909,101,0.83,0.83,5.83,1.76,1.76,-2.3,-1.0,-3.62,12.76,3.53,0.8,11.52,0.04,75.92,60.11,1.39,NA_VOLCANIC
-165.66,54.25,0,16112,-165.66,54.25,0.031,218,-164.84,52.57,6.14,-21.07,1.57,-159.8,0.2,341.04,901,111,14.1,14.1,5.73,-2.21,2.21,-1.48,-0.54,-5.08,-33.05,4.25,-2.77,54.21,0.09,33.91,125.13,2.19,NA_VOLCANIC
-165.99,54.13,0,16112,-165.99,54.13,0.03,217,-165.14,52.51,6.16,-21.01,1.57,-159.72,0.2,340.8,901,111,14.3,14.3,5.75,-2.21,2.21,-1.47,-0.54,-5.1,-32.9,4.28,-2.77,54.21,0.09,33.91,125.13,2.19,NA_VOLCANIC
-166.93,53.89,0,16112,-166.93,53.89,0.028999999999999998,214,-166.05,52.31,6.21,-20.84,1.55,-159.45,0.2,340.08,901,111,14.89,14.89,5.8,-2.21,2.21,-1.45,-0.54,-5.16,-32.46,4.35,-2.77,57.04,0.1,34.17,128.33,2.18,NA_VOLCANIC
-168.03,53.93,0,16112,-168.03,53.93,0.034,211,-166.96,52.1,6.26,-20.67,1.53,-159.18,0.2,339.36,901,111,15.47,15.47,5.85,-2.21,2.21,-1.43,-0.54,-5.22,-32.03,4.42,-2.77,57.23,0.1,34.3,128.54,2.18,NA_VOLCANIC
-168.13,53.42,0,16112,-168.13,53.42,0.026000000000000002,210,-167.25,52.04,6.27,-20.62,1.52,-159.09,0.2,339.13,901,111,15.67,15.67,5.87,-2.21,2.21,-1.42,-0.54,-5.24,-31.89,4.45,-2.77,57.23,0.1,34.3,128.54,2.18,NA_VOLCANIC
-168.69,53.13,0,16112,-168.69,53.13,0.023,208,-167.85,51.89,6.31,-20.51,1.51,-158.9,0.2,338.66,901,111,16.06,16.06,5.91,-2.21,2.21,-1.41,-0.54,-5.28,-31.62,4.5,-2.77,57.4,0.1,34.3,128.73,2.18,NA_VOLCANIC
-169.72,52.97,0,16130,-169.72,52.97,0.024,204,-169.04,51.63,6.37,-26.0,1.48,-164.27,0.19,343.45,901,111,16.84,16.84,5.72,-2.79,2.79,-1.43,-0.4,-5.36,-36.78,4.29,-3.21,57.55,0.1,34.67,128.88,2.18,NA_VOLCANIC
-170.11,52.74,0,16130,-170.11,52.74,0.022000000000000002,203,-169.33,51.58,6.38,-25.94,1.48,-164.19,0.19,343.22,901,111,17.04,17.04,5.74,-2.79,2.79,-1.42,-0.4,-5.38,-36.63,4.31,-3.21,57.55,0.1,34.67,128.88,2.18,NA_VOLCANIC
-170.65,52.64,0,16130,-170.65,52.64,0.022000000000000002,201,-169.93,51.46,6.41,-25.81,1.46,-164.04,0.19,342.75,901,111,17.42,17.42,5.77,-2.79,2.79,-1.41,-0.4,-5.41,-36.34,4.36,-3.21,62.2,0.1,34.94,133.69,2.16,NA_VOLCANIC
-171.25,52.49,0,16130,-171.25,52.49,0.021,199,-170.52,51.35,6.44,-25.69,1.45,-163.89,0.19,342.29,901,111,17.15,17.81,5.8,-2.79,2.79,-1.39,-0.4,-5.45,-36.05,4.41,-3.21,62.26,0.1,34.94,133.73,2.16,NA_VOLCANIC
-172.51,52.32,0,16130,-172.51,52.32,0.023,195,-171.7,51.1,6.5,-25.44,1.42,-163.57,0.19,341.37,901,111,16.37,18.59,5.87,-2.79,2.79,-1.36,-0.4,-5.53,-35.49,4.5,-3.21,62.29,0.1,34.94,133.73,2.16,NA_VOLCANIC
-174.15,52.38,0,16130,-174.15,52.38,0.027999999999999997,158,-173.76,50.78,6.59,-40.13,1.37,-178.34,0.19,354.93,901,111,15.02,19.94,5.04,-4.25,4.25,-1.37,-0.04,-5.65,-49.61,3.66,-4.3,57.4,0.08,35.3,128.7,2.18,NA_VOLCANIC
-175.51,52.17,0,16130,-175.51,52.17,0.026000000000000002,123,-175.26,50.69,6.65,-39.71,1.34,-178.29,0.19,353.77,901,111,14.07,20.89,5.11,-4.25,4.25,-1.34,-0.04,-5.72,-48.76,3.77,-4.3,57.38,0.08,35.49,128.69,2.18,NA_VOLCANIC
-176.11,52.08,0,16130,-176.11,52.08,0.025,110,-175.86,50.64,6.67,-39.55,1.32,-178.28,0.19,353.31,901,111,13.68,21.27,5.14,-4.25,4.25,-1.32,-0.04,-5.75,-48.43,3.81,-4.3,57.33,0.09,35.63,128.62,2.18,NA_VOLCANIC
-177.6,52.1,0,16130,-177.6,52.1,0.027999999999999997,68,-177.05,50.55,6.72,-39.23,1.29,-178.24,0.19,352.38,901,111,12.92,22.04,5.2,-4.25,4.25,-1.29,-0.04,-5.81,-47.79,3.9,-4.3,57.25,0.09,35.93,128.46,2.18,NA_VOLCANIC
-178.14,51.88,0,16130,-178.14,51.88,0.025,45,-177.95,50.47,6.75,-39.0,1.27,-178.21,0.19,351.69,901,111,12.34,22.61,5.24,-4.25,4.25,-1.27,-0.04,-5.85,-47.31,3.97,-4.3,55.61,0.09,37.14,126.78,2.18,NA_VOLCANIC
-178.54,51.95,0,16130,-178.54,51.95,0.027000000000000003,37,-178.24,50.44,6.76,-38.92,1.27,-178.2,0.19,351.46,901,111,12.15,22.8,5.26,-4.25,4.25,-1.26,-0.04,-5.86,-47.16,3.99,-4.3,55.61,0.09,37.14,126.78,2.18,NA_VOLCANIC
-178.79,51.79,0,16130,-178.79,51.79,0.024,30,-178.54,50.41,6.77,-38.85,1.26,-178.19,0.19,351.24,901,111,11.96,22.99,5.27,-4.25,4.25,-1.26,-0.04,-5.88,-47.01,4.01,-4.3,55.54,0.09,37.52,126.68,2.18,NA_VOLCANIC
-97.29,18.96,1,215,-97.11399999999999,19.112000000000002,0.068,412,-96.02,15.37,6.86,8.09,2.54,-162.63,0.2,28.9,909,2000,0.1,16.2,6.79,0.96,0.96,-2.43,-0.76,-4.36,3.41,4.35,0.26,15.92,0.06,88.16,67.26,1.65,NA_VOLCANIC
-93.23,17.36,1,205,-93.054,17.506,0.057,420,-94.58,14.6,7.07,9.83,2.35,-159.19,0.2,27.27,909,2000,1.69,14.61,6.97,1.21,1.21,-2.2,-0.84,-4.78,5.1,4.76,0.42,21.84,0.07,95.64,77.1,1.66,NA_VOLCANIC
-126.31,54.22,27,16107,-113.411,53.786,0.084,230,-121.24,52.69,7.37,-18.35,2.14,166.83,0.17,74.22,903,101,0.6,17.17,7.0,-2.32,2.32,-2.08,0.49,-5.24,-20.19,4.92,-1.81,10.78,0.05,66.12,59.07,1.9,NA_VOLCANIC
-126.36,54.48,27,16102,-113.571,53.50899999999999,0.08199999999999999,231,-121.17,52.53,7.43,-18.21,2.14,166.85,0.17,74.28,903,101,0.78,17.0,7.06,-2.32,2.32,-2.09,0.49,-5.29,-19.99,4.98,-1.81,17.31,0.06,66.12,69.9,1.9,NA_VOLCANIC
-126.14,54.13,27,16102,-113.336,53.434,0.084,233,-121.01,52.2,7.54,-17.94,2.15,166.9,0.17,74.4,903,101,1.12,16.66,7.17,-2.32,2.32,-2.09,0.49,-5.4,-19.6,5.08,-1.81,17.31,0.06,66.12,69.9,1.87,NA_VOLCANIC
-109.9,31.43,185,173,-59.104,38.041,0.043,528,-62.15,37.58,8.86,42.79,9.02,177.36,0.17,256.25,101,16111,0.08,23.72,6.5,6.02,6.02,-9.01,0.42,6.89,111.3,-2.5,6.42,53.13,0.09,3.6,124.74,2.53,NA_VOLCANIC
-123.09,49.63,45,16124,-117.738,59.224,0.043,256,-121.28,57.58,9.53,-66.03,1.65,-143.42,0.17,47.94,918,101,10.48,47.33,3.87,-8.71,8.71,-1.33,-0.98,-10.03,-75.35,2.54,-9.71,3.18,0.01,17.97,47.11,1.21,NA_VOLCANIC
-143.93,64.23,114,173,-74.824,50.631,0.035,489,-78.0,50.67,15.82,-7.96,5.4,-169.09,0.19,109.86,902,101,16.82,41.39,15.67,-2.19,2.19,-5.3,-1.02,-10.86,-17.43,10.36,-3.25,78.03,0.29,38.46,146.11,2.48,NA_VOLCANIC
